--
-- PostgreSQL database dump
--

-- Dumped from database version 12.13 (Ubuntu 12.13-0ubuntu0.20.04.1)
-- Dumped by pg_dump version 12.13 (Ubuntu 12.13-0ubuntu0.20.04.1)

SET statement_timeout = 0;
SET lock_timeout = 0;
SET idle_in_transaction_session_timeout = 0;
SET client_encoding = 'UTF8';
SET standard_conforming_strings = on;
SELECT pg_catalog.set_config('search_path', '', false);
SET check_function_bodies = false;
SET xmloption = content;
SET client_min_messages = warning;
SET row_security = off;

SET default_tablespace = '';

SET default_table_access_method = heap;

--
-- Name: account_emailaddress; Type: TABLE; Schema: public; Owner: tsuvorov
--

CREATE TABLE public.account_emailaddress (
    id integer NOT NULL,
    email character varying(254) NOT NULL,
    verified boolean NOT NULL,
    "primary" boolean NOT NULL,
    user_id integer NOT NULL
);


ALTER TABLE public.account_emailaddress OWNER TO tsuvorov;

--
-- Name: account_emailaddress_id_seq; Type: SEQUENCE; Schema: public; Owner: tsuvorov
--

ALTER TABLE public.account_emailaddress ALTER COLUMN id ADD GENERATED BY DEFAULT AS IDENTITY (
    SEQUENCE NAME public.account_emailaddress_id_seq
    START WITH 1
    INCREMENT BY 1
    NO MINVALUE
    NO MAXVALUE
    CACHE 1
);


--
-- Name: account_emailconfirmation; Type: TABLE; Schema: public; Owner: tsuvorov
--

CREATE TABLE public.account_emailconfirmation (
    id integer NOT NULL,
    created timestamp with time zone NOT NULL,
    sent timestamp with time zone,
    key character varying(64) NOT NULL,
    email_address_id integer NOT NULL
);


ALTER TABLE public.account_emailconfirmation OWNER TO tsuvorov;

--
-- Name: account_emailconfirmation_id_seq; Type: SEQUENCE; Schema: public; Owner: tsuvorov
--

ALTER TABLE public.account_emailconfirmation ALTER COLUMN id ADD GENERATED BY DEFAULT AS IDENTITY (
    SEQUENCE NAME public.account_emailconfirmation_id_seq
    START WITH 1
    INCREMENT BY 1
    NO MINVALUE
    NO MAXVALUE
    CACHE 1
);


--
-- Name: auth_group; Type: TABLE; Schema: public; Owner: tsuvorov
--

CREATE TABLE public.auth_group (
    id integer NOT NULL,
    name character varying(150) NOT NULL
);


ALTER TABLE public.auth_group OWNER TO tsuvorov;

--
-- Name: auth_group_id_seq; Type: SEQUENCE; Schema: public; Owner: tsuvorov
--

ALTER TABLE public.auth_group ALTER COLUMN id ADD GENERATED BY DEFAULT AS IDENTITY (
    SEQUENCE NAME public.auth_group_id_seq
    START WITH 1
    INCREMENT BY 1
    NO MINVALUE
    NO MAXVALUE
    CACHE 1
);


--
-- Name: auth_group_permissions; Type: TABLE; Schema: public; Owner: tsuvorov
--

CREATE TABLE public.auth_group_permissions (
    id bigint NOT NULL,
    group_id integer NOT NULL,
    permission_id integer NOT NULL
);


ALTER TABLE public.auth_group_permissions OWNER TO tsuvorov;

--
-- Name: auth_group_permissions_id_seq; Type: SEQUENCE; Schema: public; Owner: tsuvorov
--

ALTER TABLE public.auth_group_permissions ALTER COLUMN id ADD GENERATED BY DEFAULT AS IDENTITY (
    SEQUENCE NAME public.auth_group_permissions_id_seq
    START WITH 1
    INCREMENT BY 1
    NO MINVALUE
    NO MAXVALUE
    CACHE 1
);


--
-- Name: auth_permission; Type: TABLE; Schema: public; Owner: tsuvorov
--

CREATE TABLE public.auth_permission (
    id integer NOT NULL,
    name character varying(255) NOT NULL,
    content_type_id integer NOT NULL,
    codename character varying(100) NOT NULL
);


ALTER TABLE public.auth_permission OWNER TO tsuvorov;

--
-- Name: auth_permission_id_seq; Type: SEQUENCE; Schema: public; Owner: tsuvorov
--

ALTER TABLE public.auth_permission ALTER COLUMN id ADD GENERATED BY DEFAULT AS IDENTITY (
    SEQUENCE NAME public.auth_permission_id_seq
    START WITH 1
    INCREMENT BY 1
    NO MINVALUE
    NO MAXVALUE
    CACHE 1
);


--
-- Name: auth_user; Type: TABLE; Schema: public; Owner: tsuvorov
--

CREATE TABLE public.auth_user (
    id integer NOT NULL,
    password character varying(128) NOT NULL,
    last_login timestamp with time zone,
    is_superuser boolean NOT NULL,
    username character varying(150) NOT NULL,
    first_name character varying(150) NOT NULL,
    last_name character varying(150) NOT NULL,
    email character varying(254) NOT NULL,
    is_staff boolean NOT NULL,
    is_active boolean NOT NULL,
    date_joined timestamp with time zone NOT NULL
);


ALTER TABLE public.auth_user OWNER TO tsuvorov;

--
-- Name: auth_user_groups; Type: TABLE; Schema: public; Owner: tsuvorov
--

CREATE TABLE public.auth_user_groups (
    id bigint NOT NULL,
    user_id integer NOT NULL,
    group_id integer NOT NULL
);


ALTER TABLE public.auth_user_groups OWNER TO tsuvorov;

--
-- Name: auth_user_groups_id_seq; Type: SEQUENCE; Schema: public; Owner: tsuvorov
--

ALTER TABLE public.auth_user_groups ALTER COLUMN id ADD GENERATED BY DEFAULT AS IDENTITY (
    SEQUENCE NAME public.auth_user_groups_id_seq
    START WITH 1
    INCREMENT BY 1
    NO MINVALUE
    NO MAXVALUE
    CACHE 1
);


--
-- Name: auth_user_id_seq; Type: SEQUENCE; Schema: public; Owner: tsuvorov
--

ALTER TABLE public.auth_user ALTER COLUMN id ADD GENERATED BY DEFAULT AS IDENTITY (
    SEQUENCE NAME public.auth_user_id_seq
    START WITH 1
    INCREMENT BY 1
    NO MINVALUE
    NO MAXVALUE
    CACHE 1
);


--
-- Name: auth_user_user_permissions; Type: TABLE; Schema: public; Owner: tsuvorov
--

CREATE TABLE public.auth_user_user_permissions (
    id bigint NOT NULL,
    user_id integer NOT NULL,
    permission_id integer NOT NULL
);


ALTER TABLE public.auth_user_user_permissions OWNER TO tsuvorov;

--
-- Name: auth_user_user_permissions_id_seq; Type: SEQUENCE; Schema: public; Owner: tsuvorov
--

ALTER TABLE public.auth_user_user_permissions ALTER COLUMN id ADD GENERATED BY DEFAULT AS IDENTITY (
    SEQUENCE NAME public.auth_user_user_permissions_id_seq
    START WITH 1
    INCREMENT BY 1
    NO MINVALUE
    NO MAXVALUE
    CACHE 1
);


--
-- Name: billboard_announcement; Type: TABLE; Schema: public; Owner: tsuvorov
--

CREATE TABLE public.billboard_announcement (
    id bigint NOT NULL,
    title character varying(254) NOT NULL,
    content text NOT NULL,
    is_published boolean NOT NULL,
    time_create timestamp with time zone NOT NULL,
    time_update timestamp with time zone NOT NULL,
    num_replies integer NOT NULL,
    pageviews bigint NOT NULL,
    author_ann_id integer NOT NULL,
    category_id bigint NOT NULL,
    photoimage character varying(100) NOT NULL,
    CONSTRAINT billboard_announcement_pageviews_check CHECK ((pageviews >= 0))
);


ALTER TABLE public.billboard_announcement OWNER TO tsuvorov;

--
-- Name: billboard_announcement_id_seq; Type: SEQUENCE; Schema: public; Owner: tsuvorov
--

ALTER TABLE public.billboard_announcement ALTER COLUMN id ADD GENERATED BY DEFAULT AS IDENTITY (
    SEQUENCE NAME public.billboard_announcement_id_seq
    START WITH 1
    INCREMENT BY 1
    NO MINVALUE
    NO MAXVALUE
    CACHE 1
);


--
-- Name: billboard_category; Type: TABLE; Schema: public; Owner: tsuvorov
--

CREATE TABLE public.billboard_category (
    id bigint NOT NULL,
    catname character varying(64) NOT NULL,
    slug character varying(64)
);


ALTER TABLE public.billboard_category OWNER TO tsuvorov;

--
-- Name: billboard_category_id_seq; Type: SEQUENCE; Schema: public; Owner: tsuvorov
--

ALTER TABLE public.billboard_category ALTER COLUMN id ADD GENERATED BY DEFAULT AS IDENTITY (
    SEQUENCE NAME public.billboard_category_id_seq
    START WITH 1
    INCREMENT BY 1
    NO MINVALUE
    NO MAXVALUE
    CACHE 1
);


--
-- Name: billboard_newsletter; Type: TABLE; Schema: public; Owner: tsuvorov
--

CREATE TABLE public.billboard_newsletter (
    id bigint NOT NULL,
    title character varying(254) NOT NULL,
    content text NOT NULL,
    is_published boolean NOT NULL,
    is_sent boolean NOT NULL,
    time_create timestamp with time zone NOT NULL,
    pageviews bigint NOT NULL,
    author_news_id integer NOT NULL,
    category_id bigint NOT NULL,
    photoimage character varying(100) NOT NULL,
    CONSTRAINT billboard_newsletter_pageviews_check CHECK ((pageviews >= 0))
);


ALTER TABLE public.billboard_newsletter OWNER TO tsuvorov;

--
-- Name: billboard_newsletter_id_seq; Type: SEQUENCE; Schema: public; Owner: tsuvorov
--

ALTER TABLE public.billboard_newsletter ALTER COLUMN id ADD GENERATED BY DEFAULT AS IDENTITY (
    SEQUENCE NAME public.billboard_newsletter_id_seq
    START WITH 1
    INCREMENT BY 1
    NO MINVALUE
    NO MAXVALUE
    CACHE 1
);


--
-- Name: billboard_reply; Type: TABLE; Schema: public; Owner: tsuvorov
--

CREATE TABLE public.billboard_reply (
    id bigint NOT NULL,
    content text NOT NULL,
    time_create timestamp with time zone NOT NULL,
    time_update timestamp with time zone NOT NULL,
    is_approved character varying(16) NOT NULL,
    announcement_id bigint NOT NULL,
    author_repl_id integer NOT NULL
);


ALTER TABLE public.billboard_reply OWNER TO tsuvorov;

--
-- Name: billboard_reply_id_seq; Type: SEQUENCE; Schema: public; Owner: tsuvorov
--

ALTER TABLE public.billboard_reply ALTER COLUMN id ADD GENERATED BY DEFAULT AS IDENTITY (
    SEQUENCE NAME public.billboard_reply_id_seq
    START WITH 1
    INCREMENT BY 1
    NO MINVALUE
    NO MAXVALUE
    CACHE 1
);


--
-- Name: billboard_userprofile; Type: TABLE; Schema: public; Owner: tsuvorov
--

CREATE TABLE public.billboard_userprofile (
    user_id integer NOT NULL,
    nickname character varying(16) NOT NULL,
    photoimage character varying(100) NOT NULL,
    aboutme character varying(1024) NOT NULL,
    timezone character varying(64) NOT NULL,
    is_replies_alerts boolean NOT NULL,
    appr_replies_alerts boolean NOT NULL,
    is_news_subscribe boolean NOT NULL
);


ALTER TABLE public.billboard_userprofile OWNER TO tsuvorov;

--
-- Name: django_admin_log; Type: TABLE; Schema: public; Owner: tsuvorov
--

CREATE TABLE public.django_admin_log (
    id integer NOT NULL,
    action_time timestamp with time zone NOT NULL,
    object_id text,
    object_repr character varying(200) NOT NULL,
    action_flag smallint NOT NULL,
    change_message text NOT NULL,
    content_type_id integer,
    user_id integer NOT NULL,
    CONSTRAINT django_admin_log_action_flag_check CHECK ((action_flag >= 0))
);


ALTER TABLE public.django_admin_log OWNER TO tsuvorov;

--
-- Name: django_admin_log_id_seq; Type: SEQUENCE; Schema: public; Owner: tsuvorov
--

ALTER TABLE public.django_admin_log ALTER COLUMN id ADD GENERATED BY DEFAULT AS IDENTITY (
    SEQUENCE NAME public.django_admin_log_id_seq
    START WITH 1
    INCREMENT BY 1
    NO MINVALUE
    NO MAXVALUE
    CACHE 1
);


--
-- Name: django_content_type; Type: TABLE; Schema: public; Owner: tsuvorov
--

CREATE TABLE public.django_content_type (
    id integer NOT NULL,
    app_label character varying(100) NOT NULL,
    model character varying(100) NOT NULL
);


ALTER TABLE public.django_content_type OWNER TO tsuvorov;

--
-- Name: django_content_type_id_seq; Type: SEQUENCE; Schema: public; Owner: tsuvorov
--

ALTER TABLE public.django_content_type ALTER COLUMN id ADD GENERATED BY DEFAULT AS IDENTITY (
    SEQUENCE NAME public.django_content_type_id_seq
    START WITH 1
    INCREMENT BY 1
    NO MINVALUE
    NO MAXVALUE
    CACHE 1
);


--
-- Name: django_migrations; Type: TABLE; Schema: public; Owner: tsuvorov
--

CREATE TABLE public.django_migrations (
    id bigint NOT NULL,
    app character varying(255) NOT NULL,
    name character varying(255) NOT NULL,
    applied timestamp with time zone NOT NULL
);


ALTER TABLE public.django_migrations OWNER TO tsuvorov;

--
-- Name: django_migrations_id_seq; Type: SEQUENCE; Schema: public; Owner: tsuvorov
--

ALTER TABLE public.django_migrations ALTER COLUMN id ADD GENERATED BY DEFAULT AS IDENTITY (
    SEQUENCE NAME public.django_migrations_id_seq
    START WITH 1
    INCREMENT BY 1
    NO MINVALUE
    NO MAXVALUE
    CACHE 1
);


--
-- Name: django_session; Type: TABLE; Schema: public; Owner: tsuvorov
--

CREATE TABLE public.django_session (
    session_key character varying(40) NOT NULL,
    session_data text NOT NULL,
    expire_date timestamp with time zone NOT NULL
);


ALTER TABLE public.django_session OWNER TO tsuvorov;

--
-- Name: django_site; Type: TABLE; Schema: public; Owner: tsuvorov
--

CREATE TABLE public.django_site (
    id integer NOT NULL,
    domain character varying(100) NOT NULL,
    name character varying(50) NOT NULL
);


ALTER TABLE public.django_site OWNER TO tsuvorov;

--
-- Name: django_site_id_seq; Type: SEQUENCE; Schema: public; Owner: tsuvorov
--

ALTER TABLE public.django_site ALTER COLUMN id ADD GENERATED BY DEFAULT AS IDENTITY (
    SEQUENCE NAME public.django_site_id_seq
    START WITH 1
    INCREMENT BY 1
    NO MINVALUE
    NO MAXVALUE
    CACHE 1
);


--
-- Name: socialaccount_socialaccount; Type: TABLE; Schema: public; Owner: tsuvorov
--

CREATE TABLE public.socialaccount_socialaccount (
    id integer NOT NULL,
    provider character varying(30) NOT NULL,
    uid character varying(191) NOT NULL,
    last_login timestamp with time zone NOT NULL,
    date_joined timestamp with time zone NOT NULL,
    extra_data text NOT NULL,
    user_id integer NOT NULL
);


ALTER TABLE public.socialaccount_socialaccount OWNER TO tsuvorov;

--
-- Name: socialaccount_socialaccount_id_seq; Type: SEQUENCE; Schema: public; Owner: tsuvorov
--

ALTER TABLE public.socialaccount_socialaccount ALTER COLUMN id ADD GENERATED BY DEFAULT AS IDENTITY (
    SEQUENCE NAME public.socialaccount_socialaccount_id_seq
    START WITH 1
    INCREMENT BY 1
    NO MINVALUE
    NO MAXVALUE
    CACHE 1
);


--
-- Name: socialaccount_socialapp; Type: TABLE; Schema: public; Owner: tsuvorov
--

CREATE TABLE public.socialaccount_socialapp (
    id integer NOT NULL,
    provider character varying(30) NOT NULL,
    name character varying(40) NOT NULL,
    client_id character varying(191) NOT NULL,
    secret character varying(191) NOT NULL,
    key character varying(191) NOT NULL
);


ALTER TABLE public.socialaccount_socialapp OWNER TO tsuvorov;

--
-- Name: socialaccount_socialapp_id_seq; Type: SEQUENCE; Schema: public; Owner: tsuvorov
--

ALTER TABLE public.socialaccount_socialapp ALTER COLUMN id ADD GENERATED BY DEFAULT AS IDENTITY (
    SEQUENCE NAME public.socialaccount_socialapp_id_seq
    START WITH 1
    INCREMENT BY 1
    NO MINVALUE
    NO MAXVALUE
    CACHE 1
);


--
-- Name: socialaccount_socialapp_sites; Type: TABLE; Schema: public; Owner: tsuvorov
--

CREATE TABLE public.socialaccount_socialapp_sites (
    id bigint NOT NULL,
    socialapp_id integer NOT NULL,
    site_id integer NOT NULL
);


ALTER TABLE public.socialaccount_socialapp_sites OWNER TO tsuvorov;

--
-- Name: socialaccount_socialapp_sites_id_seq; Type: SEQUENCE; Schema: public; Owner: tsuvorov
--

ALTER TABLE public.socialaccount_socialapp_sites ALTER COLUMN id ADD GENERATED BY DEFAULT AS IDENTITY (
    SEQUENCE NAME public.socialaccount_socialapp_sites_id_seq
    START WITH 1
    INCREMENT BY 1
    NO MINVALUE
    NO MAXVALUE
    CACHE 1
);


--
-- Name: socialaccount_socialtoken; Type: TABLE; Schema: public; Owner: tsuvorov
--

CREATE TABLE public.socialaccount_socialtoken (
    id integer NOT NULL,
    token text NOT NULL,
    token_secret text NOT NULL,
    expires_at timestamp with time zone,
    account_id integer NOT NULL,
    app_id integer NOT NULL
);


ALTER TABLE public.socialaccount_socialtoken OWNER TO tsuvorov;

--
-- Name: socialaccount_socialtoken_id_seq; Type: SEQUENCE; Schema: public; Owner: tsuvorov
--

ALTER TABLE public.socialaccount_socialtoken ALTER COLUMN id ADD GENERATED BY DEFAULT AS IDENTITY (
    SEQUENCE NAME public.socialaccount_socialtoken_id_seq
    START WITH 1
    INCREMENT BY 1
    NO MINVALUE
    NO MAXVALUE
    CACHE 1
);


--
-- Data for Name: account_emailaddress; Type: TABLE DATA; Schema: public; Owner: tsuvorov
--

COPY public.account_emailaddress (id, email, verified, "primary", user_id) FROM stdin;
19	timur.suvorov.a@yandex.ru	t	t	21
27	tsuvorov@gmail.com	f	f	1
36	suvorovt@gmail.com	t	t	37
42	rr@rr.com	t	t	43
43	tt@tt.com	t	t	44
\.


--
-- Data for Name: account_emailconfirmation; Type: TABLE DATA; Schema: public; Owner: tsuvorov
--

COPY public.account_emailconfirmation (id, created, sent, key, email_address_id) FROM stdin;
11	2023-01-25 15:00:34.092+00	2023-01-25 15:00:34.414+00	752918	36
17	2023-02-02 10:50:06.852044+00	2023-02-02 10:50:06.934369+00	333683	42
18	2023-02-02 11:51:36.206355+00	2023-02-02 11:51:36.34987+00	812462	43
\.


--
-- Data for Name: auth_group; Type: TABLE DATA; Schema: public; Owner: tsuvorov
--

COPY public.auth_group (id, name) FROM stdin;
1	common_users
2	managers
3	newsauthors
\.


--
-- Data for Name: auth_group_permissions; Type: TABLE DATA; Schema: public; Owner: tsuvorov
--

COPY public.auth_group_permissions (id, group_id, permission_id) FROM stdin;
93	1	32
94	1	37
95	1	38
96	1	39
97	1	40
98	1	45
99	1	46
100	1	47
101	1	48
102	1	25
103	1	26
104	1	27
105	1	28
106	1	29
107	1	30
108	1	31
109	2	1
110	2	2
111	2	3
112	2	4
113	2	5
114	2	6
115	2	7
116	2	8
117	2	9
118	2	10
119	2	11
120	2	12
121	2	13
122	2	14
123	2	15
124	2	16
125	2	17
126	2	18
127	2	19
128	2	20
129	2	21
130	2	22
131	2	23
132	2	24
133	2	25
134	2	26
135	2	27
136	2	28
137	2	29
138	2	30
139	2	31
140	2	32
141	2	33
142	2	34
143	2	35
144	2	36
145	2	37
146	2	38
147	2	39
148	2	40
149	2	41
150	2	42
151	2	43
152	2	44
153	2	45
154	2	46
155	2	47
156	2	48
157	2	49
158	2	50
159	2	51
160	2	52
161	2	53
162	2	54
163	2	55
164	2	56
165	2	57
166	2	58
167	2	59
168	2	60
169	2	61
170	2	62
171	2	63
172	2	64
173	2	65
174	2	66
175	2	67
176	2	68
177	2	69
178	2	70
179	2	71
180	2	72
181	3	41
182	3	42
183	3	43
184	3	44
\.


--
-- Data for Name: auth_permission; Type: TABLE DATA; Schema: public; Owner: tsuvorov
--

COPY public.auth_permission (id, name, content_type_id, codename) FROM stdin;
1	Can add log entry	1	add_logentry
2	Can change log entry	1	change_logentry
3	Can delete log entry	1	delete_logentry
4	Can view log entry	1	view_logentry
5	Can add permission	2	add_permission
6	Can change permission	2	change_permission
7	Can delete permission	2	delete_permission
8	Can view permission	2	view_permission
9	Can add group	3	add_group
10	Can change group	3	change_group
11	Can delete group	3	delete_group
12	Can view group	3	view_group
13	Can add user	4	add_user
14	Can change user	4	change_user
15	Can delete user	4	delete_user
16	Can view user	4	view_user
17	Can add content type	5	add_contenttype
18	Can change content type	5	change_contenttype
19	Can delete content type	5	delete_contenttype
20	Can view content type	5	view_contenttype
21	Can add session	6	add_session
22	Can change session	6	change_session
23	Can delete session	6	delete_session
24	Can view session	6	view_session
25	Can add user profile	7	add_userprofile
26	Can change user profile	7	change_userprofile
27	Can delete user profile	7	delete_userprofile
28	Can view user profile	7	view_userprofile
29	Can add Объявления	8	add_announcement
30	Can change Объявления	8	change_announcement
31	Can delete Объявления	8	delete_announcement
32	Can view Объявления	8	view_announcement
33	Can add Категория	9	add_category
34	Can change Категория	9	change_category
35	Can delete Категория	9	delete_category
36	Can view Категория	9	view_category
37	Can add Отлик	10	add_reply
38	Can change Отлик	10	change_reply
39	Can delete Отлик	10	delete_reply
40	Can view Отлик	10	view_reply
41	Can add Рассылка	11	add_newsletter
42	Can change Рассылка	11	change_newsletter
43	Can delete Рассылка	11	delete_newsletter
44	Can view Рассылка	11	view_newsletter
45	Can add attachment	12	add_attachment
46	Can change attachment	12	change_attachment
47	Can delete attachment	12	delete_attachment
48	Can view attachment	12	view_attachment
49	Can add site	13	add_site
50	Can change site	13	change_site
51	Can delete site	13	delete_site
52	Can view site	13	view_site
53	Can add email address	14	add_emailaddress
54	Can change email address	14	change_emailaddress
55	Can delete email address	14	delete_emailaddress
56	Can view email address	14	view_emailaddress
57	Can add email confirmation	15	add_emailconfirmation
58	Can change email confirmation	15	change_emailconfirmation
59	Can delete email confirmation	15	delete_emailconfirmation
60	Can view email confirmation	15	view_emailconfirmation
61	Can add social account	16	add_socialaccount
62	Can change social account	16	change_socialaccount
63	Can delete social account	16	delete_socialaccount
64	Can view social account	16	view_socialaccount
65	Can add social application	17	add_socialapp
66	Can change social application	17	change_socialapp
67	Can delete social application	17	delete_socialapp
68	Can view social application	17	view_socialapp
69	Can add social application token	18	add_socialtoken
70	Can change social application token	18	change_socialtoken
71	Can delete social application token	18	delete_socialtoken
72	Can view social application token	18	view_socialtoken
\.


--
-- Data for Name: auth_user; Type: TABLE DATA; Schema: public; Owner: tsuvorov
--

COPY public.auth_user (id, password, last_login, is_superuser, username, first_name, last_name, email, is_staff, is_active, date_joined) FROM stdin;
2	pbkdf2_sha256$390000$FGDH8PbyYYr4TuPRvJ9IcI$aOeHRaCO8sqmfNKtxAcIohlTjaKiWKg8Y/Yqz4tsixE=	\N	f	Tomik			rrr@gmail.com	f	t	2023-01-07 17:09:54.093+00
43	pbkdf2_sha256$390000$tGogs4Ik3vMrt1IW1uhVM8$vo+Da/8aH426JO0aD181LvIGqoLgYPhwx1dYc3xw+9Q=	2023-02-02 11:00:00.762712+00	f	rr			rr@rr.com	f	t	2023-02-02 10:50:06.662269+00
44	pbkdf2_sha256$390000$BrMfGJx0wriNhqetNK97Mo$/JIWL3wG9hhgv1XH1goCufgkrSZM1APmNOeVA1itw8k=	2023-02-02 11:51:54.71449+00	f	tt			tt@tt.com	f	t	2023-02-02 11:51:36.076849+00
1	pbkdf2_sha256$390000$OLtohcqQtHn6gd2LzcG5Fk$D1ltPyuRAe7s/GuHIuHaYKWc5qW0zRQ3gveyjSsgtPA=	2023-02-02 11:58:02.704802+00	t	admin			tsuvorov@gmail.com	t	t	2023-01-04 10:25:23+00
21	!Zavu4aggTW8BbZEbIumOXcf0uX9WyTuXebdlQD8E	2023-02-11 15:09:45.90559+00	f	timur.suvorov.a	Тимур	Суворов	timur.suvorov.a@yandex.ru	f	t	2023-01-16 18:03:21.828+00
37	!H9b8U5d57NinTtuRxeI8tsJGnArFz9tHe4reGuY4	2023-02-12 14:53:03.243012+00	f	tsuvorov	Тимур	Суворов	suvorovt@gmail.com	f	t	2023-01-25 15:00:33.968+00
\.


--
-- Data for Name: auth_user_groups; Type: TABLE DATA; Schema: public; Owner: tsuvorov
--

COPY public.auth_user_groups (id, user_id, group_id) FROM stdin;
5	1	1
6	1	2
7	21	1
8	37	1
13	43	1
14	44	1
15	37	3
\.


--
-- Data for Name: auth_user_user_permissions; Type: TABLE DATA; Schema: public; Owner: tsuvorov
--

COPY public.auth_user_user_permissions (id, user_id, permission_id) FROM stdin;
\.


--
-- Data for Name: billboard_announcement; Type: TABLE DATA; Schema: public; Owner: tsuvorov
--

COPY public.billboard_announcement (id, title, content, is_published, time_create, time_update, num_replies, pageviews, author_ann_id, category_id, photoimage) FROM stdin;
3	Собери команду	Вам потребуется набрать минимум 6 человек (это могут быть хоть крестьяне, наёмники и даже спутники)	t	2023-01-05 16:49:55.369+00	2023-01-17 09:17:46.268+00	0	219	1	4	photoannouncement/photoannouncement_default.jpg
49	dasdsadsadas	<p>dasdsad</p>	t	2023-02-11 15:14:10.443192+00	2023-02-11 15:14:10.443223+00	0	3	21	10	photoannouncement/photo_Announcement_1676128450422659698.jpeg
1	Сопроводить караван торговцев	<p>Вас попросят сопроводить купеческий караван в определённый город. Довольно простой и малопривлекательный, но если у вас нет определённого количества солдат в отряде (от 10 и выше) вы не сможете взять этот квест. Караван будет следовать за вами, пока вы не доберётесь до города, тогда вам придётся поговорить с ними, чтобы выполнить квест.</p>	t	2023-01-05 16:48:05.957+00	2023-02-02 11:58:36.352673+00	2	275	1	5	photoannouncement/photo_Announcement_1675339116328976298.jpeg
4	Победи ради справедливости	Найти и победить шайку бандитов, блуждающих рядом с городом (осторожно глава бандитов усиленная версия бандитов этого округа — то есть если вы на землях Фирдсвейна, то это будет налётчик Ванскерри)	t	2023-01-05 16:51:13.054+00	2023-01-07 18:30:58.885+00	0	216	1	4	photoannouncement/photoannouncement_default.jpg
2	Доставьте вино в таверну.	<p>Вас попросят доставить вино в таверну определённого города. Простой и весьма полезный. Рекомендуется иметь пару всадников в отряде и пару коней в инвентаре, чтобы передвигаться по карте с малым штрафом к скорости. Доставить голов скота: этот квест кажется похожим на тот, с караваном. Стадо крупного рогатого скота будет следовать за вами, но, как правило, медленнее, чем ваша партия, так что вам, возможно, придётся ждать, пока они догонят.</p>	t	2023-01-05 16:48:35.885+00	2023-01-17 10:09:59.443+00	1	310	1	7	photoannouncement/photoannouncement_default.jpg
5	Доспехи для лошадей	После того как вы наймёте кузнеца и посетите его, Харольд расскажет, что во время отстройки руин работники нашли старые, но относительно целые доспехи для коня. Но даже если их починить, то не каждый конь их сможет надеть, так как такие доспехи делались для коней королевской породы, живших еще при старых королях Пендора и почти вымерших во время Красной чумы, и только для них. Мало кто знает, где остались выжившие королевские кони.	t	2023-01-05 16:52:51.492+00	2023-01-17 10:11:18.311+00	1	197	2	8	photoannouncement/photoannouncement_default.jpg
6	Загадка Эйнштейна	<p><strong><span style="color:#000000">Фаркас ждет меня для разговора.</span></strong></p>\r\n\r\n<p>Поговорите с Фаркасом о предстоящем задании. Забрать обломок. Отправляйтесь к Дремнему Каирну, что к северо-востоку от Морфала. Идите вглубь руин. Вскоре вы попадете в большой зал с двумя воротами. Одни из них открыты. Идите к ним. За ними найдете рычаг, нажмите. Посмотрите скриптовую сцену. Продолжайте путь. Попав в Древнюю крипту, спускайтесь вниз. Вскоре вы попадете в большой зал с запертыми воротами. Ключ лежит в этом же зале, в сундуке. Идите дальше. Вскоре вы попадете в большой зал, где и увидите обломок. Заберите его и приготовьтесь к бою с драуграми. Вернуться в Йоррваскр Возвращайтесь в Вайтран. У входа в Йоррваскр вас будет ждать Вилкас. Следовать за Вилкасом Идите за Вилкасом на задний двор Йоррваскра, чтобы пройти посвящение в Соратники. Теперь вы можете обновить свое оружие у Йорлуда Серой гривы.</p>	t	2023-01-05 16:57:51.005+00	2023-02-02 11:52:32.252822+00	2	323	2	6	photoannouncement/photo_Announcement_1675338752232300437.jpeg
\.


--
-- Data for Name: billboard_category; Type: TABLE DATA; Schema: public; Owner: tsuvorov
--

COPY public.billboard_category (id, catname, slug) FROM stdin;
1	Танки	tanks
2	Хилы	hils
3	ДД	damagedealers
4	Торговцы	torgovtsi
5	Гилдмастеры	gildmasters
6	Квестгиверы	questgivers
7	Кузнецы	farriers
8	Кожевники	tanners
9	Зельевары	potionmakers
10	Мастера заклинаний	spellmasters
\.


--
-- Data for Name: billboard_newsletter; Type: TABLE DATA; Schema: public; Owner: tsuvorov
--

COPY public.billboard_newsletter (id, title, content, is_published, is_sent, time_create, pageviews, author_news_id, category_id, photoimage) FROM stdin;
8	Красочные навыки Мэгу в новом трейлере Black Desert	<p>Все игроки в MMORPG&nbsp;<a href="https://www.goha.ru/games/treacherous-waters" rel="noreferrer noopener" target="_blank">Justice Online</a>&nbsp;от компании NetEase получат памятные подарки на тематику&nbsp;<a href="https://www.goha.ru/games/world-of-warcraft" rel="noreferrer noopener" target="_blank">World Of Warcraft</a>, поддержка которой в Китае уже очень скоро прекратится.&nbsp;</p>\r\n\r\n<p>Blizzard и NetEase не смогли договориться о продолжении сотрудничества, несмотря на то, что китайская компания издавала World of Warcraft в Поднебесной с 2008 года. Виной тому, судя по эмоциональному комментарию президента NetEase Game Саймона Чжу, стала позиция СЕО Activision Blizzard Бобби Котика.</p>\r\n\r\n<p><img alt="" src="https://www.goha.ru/s/A:Bh/Ri/ze0jK89oP9.jpg" /></p>\r\n\r\n<p><a href="https://www.goha.ru/imenno-bobbi-kotik-tot-samyj-tupica-vinovnyj-v-razryve-partnerstva-netease-i-activision-blizzard-lnMJoJ">Именно Бобби Котик тот самый &quot;тупица&quot;, виновный в разрыве партнерства NetEase и Activision Blizzard</a></p>\r\n\r\n<p>По слухам, последний захотел изменить условия партнерства, введя требование о выплате NetEase авансовых платежей в течение следующих двух лет после подписания соглашения.</p>\r\n\r\n<p><img src="https://www.goha.ru/s/F360:DH/M6/YZJUADQjgS.jpg" /></p>\r\n\r\n<p><img src="https://www.goha.ru/s/F360:Bh/OI/tXH6j1NR0N.jpg" /></p>\r\n\r\n<p><img src="https://www.goha.ru/s/F360:CL/lP/00z2U6cc7Z.jpg" /></p>\r\n\r\n<p><img src="https://www.goha.ru/s/F360:BQ/4W/uxptaAKVj6.jpg" /></p>\r\n\r\n<p><img src="https://www.goha.ru/s/F360:D3/Au/aA7ExAVmGv.jpg" /></p>\r\n\r\n<p><img src="https://www.goha.ru/s/F360:Cd/2P/Zd7cRh6D1l.jpg" /></p>	t	f	2022-12-16 21:47:30.385+00	47	1	2	photonewsletter/photonewsletter_default.jpg
6	Русскоязычная версия Lost Ark получит обновление «Снеговей продолжается!» 25 января	<p>Для русскоязычной версии MMORPG&nbsp;<a href="https://www.goha.ru/games/lost-ark-online" rel="noreferrer noopener" target="_blank">Lost Ark</a>&nbsp;анонсировано январское обновление под названием &laquo;Снеговей продолжается!&raquo;. Разработчики планируют установить его на сервера 25 числа, и в ближайшие дни обещают раскрыть все подробности о нем. А пока они рассказали только об основных изменениях.</p>\r\n\r\n<p>Главным нововведением грядущего обновления станет новый остров под названием &laquo;Остров потерянных игрушек&raquo;, где игроков будут ждать шуты-плохиши с карточным замком.</p>\r\n\r\n<p><img alt="Русскоязычная версия Lost Ark получит обновление «Снеговей продолжается!» 25 января" src="https://www.goha.ru/s/A:NG/cO/XQcoWNfC8N.png" style="height:394px; width:700px" title="Русскоязычная версия Lost Ark получит обновление «Снеговей продолжается!» 25 января" /></p>\r\n\r\n<p>Вторым основным изменением январского обновления станет вторая часть зимнего события, которая будет связана с горячими источниками на острове Фрейи.</p>\r\n\r\n<p><img alt="Русскоязычная версия Lost Ark получит обновление «Снеговей продолжается!» 25 января" src="https://www.goha.ru/s/A:BS/zn/Ioyep3dguD.png" style="height:394px; width:700px" title="Русскоязычная версия Lost Ark получит обновление «Снеговей продолжается!» 25 января" /></p>\r\n\r\n<p>Источники:</p>\r\n\r\n<p><a href="https://lostark.ru/news/1478-obnovlenie-snegovey-prodolzhaetsya-skoro-v-igre" rel="noopener nofollow" target="_blank">Lost Ark</a></p>	t	t	2023-01-12 21:36:43.119+00	47	1	4	photonewsletter/photo_Newsletter-6_1675326347421407381.jpeg
7	Для MMORPG EverQuest опубликована дорожная карта на 2023 год	<p>Разработчики MMORPG&nbsp;<a href="https://www.goha.ru/games/everquest" rel="noreferrer noopener" target="_blank">EverQuest</a>&nbsp;представили игрокам свежую дорожную карту развития игры на ближайшее время.</p>\r\n\r\n<p>Игроки могут ожидать возвращения сезонных и специальных событий с некоторыми обновлениями и новыми предметами. В этом месяце начнут разблокироваться рейды расширения Night of Shadows &mdash; An Appetite, Pit Fight и Mean Streets.&nbsp;</p>\r\n\r\n<p><img alt="Для MMORPG EverQuest опубликована дорожная карта на 2023 год" src="https://www.goha.ru/s/A:Cr/Fm/oCGIz8kPpg.jpg" style="height:394px; width:700px" title="Для MMORPG EverQuest опубликована дорожная карта на 2023 год" /></p>\r\n\r\n<p>В феврале мы увидим возвращение Дня Эроллизи с новым контентом. Также откроются рейды второго уровня Night of Shadows &mdash; When One Door Closes, Myconis Mutany и Dance of the Demiurge. В марте откроются рейды третьего уровня &mdash; The Spirit Fades, The Shadows Move и Under Siege.</p>\r\n\r\n<p>Также в марте 2023 года EverQuest отпразднует свою 24 годовщину. В рамках празднования будут представлены несколько новых квестов и специальная миссия.</p>\r\n\r\n<p>В апреле команда планирует начать развертывание нового движка пользовательского интерфейса. В мае стоит ожидать новый сервер Progression и новый контент для возвращающегося Tempest Festival. В июле произойдет слияние серверов, а также возвращение нескольких событий с добавлением нового контента.&nbsp;</p>\r\n\r\n<p>Осенью начнут появляться важные новости. В октябре команда представит новое расширение, откроет бета-тест и прием предварительных заказов. В декабре выйдет следующее, 30-е расширение для EverQuest.&nbsp;</p>	t	t	2023-01-01 21:39:01.037+00	44	1	10	photonewsletter/photonewsletter_default.jpg
5	Все три глобальные версии MMORPG Lineage 2 запустили игровые ивенты	<p>Все три версии&nbsp;<a href="https://www.goha.ru/games/lineage-2" rel="noreferrer noopener" target="_blank">Lineage 2</a>, издаваемых NCSOFT, а именно оригинальная игра, Lineage 2 Aden и&nbsp;<a href="https://www.goha.ru/games/lineage-2-classic" rel="noreferrer noopener" target="_blank">Lineage 2 Classic</a>, на этой неделе запустили игровые ивенты мероприятия. В зависимости от того, в какую версию вы играете, вы можете попытаться найти выход из лабиринта, погрузиться в глубины подземелья, посетить замерзший каньон или собрать фрагменты кукол для клоуна. Теперь давайте разберемся, какое событие идет с какой версией.</p>\r\n\r\n<p>В Lineage 2 Aden вы сможете охотиться на монстров в событии &laquo;Подземный лабиринт Харнака&raquo;, чтобы получить шанс получить усиление XP и разблокировать ежедневные миссии, дающие дополнительные награды. Вы также можете проходить ограниченное по времени Подземелье Леоны один раз в день, чтобы получать дополнительные XP/SP и выполнять ежедневные миссии событий, чтобы получить еще больше наград. Оба мероприятия продлятся до 15 февраля.</p>\r\n\r\n<p><img alt="" src="/media/uploads/2023/01/15/09s3qdegzl_nT38LEo.webp" style="height:250px; width:600px" /></p>	t	t	2023-01-15 16:21:40.388+00	79	1	2	photonewsletter/photo_Newsletter-5_1675326334609810488.jpeg
\.


--
-- Data for Name: billboard_reply; Type: TABLE DATA; Schema: public; Owner: tsuvorov
--

COPY public.billboard_reply (id, content, time_create, time_update, is_approved, announcement_id, author_repl_id) FROM stdin;
1	Готов выполнить задание за 10 золотых!	2023-01-05 17:49:42.573+00	2023-01-17 18:00:09.368+00	no_status	1	2
2	Предлагаю обсудить аспекты нашего соглашения по объявлению. Свяжись со мной в личке!	2023-01-09 16:48:23.623+00	2023-01-12 16:22:00.97+00	declained	6	1
3	Я люблю вино. Боюсь сам выпью, но доставить готов!	2023-01-10 13:11:18.557+00	2023-01-17 10:25:29.132+00	approved	2	2
7	Это сделать нереально!!! Удалите объявление!	2023-01-17 10:11:18.194+00	2023-01-17 10:11:18.194+00	no_status	5	21
8	Хорошее задание! Давайте за 9 золотых буду готов прям сейчас!	2023-01-17 10:12:43.775+00	2023-01-17 10:25:39.732+00	no_status	1	21
17	Привет!	2023-01-26 13:21:05.734+00	2023-01-26 13:21:05.734+00	no_status	6	21
\.


--
-- Data for Name: billboard_userprofile; Type: TABLE DATA; Schema: public; Owner: tsuvorov
--

COPY public.billboard_userprofile (user_id, nickname, photoimage, aboutme, timezone, is_replies_alerts, appr_replies_alerts, is_news_subscribe) FROM stdin;
2	TomKiller	photoprofile/photoprofile_default.jpg		UTC	t	t	f
21	RoboTT	photoprofile/photoprofile_default.jpg		UTC	t	t	t
1	Godgame	photoprofile/photo_admin_1675325420760128458.jpeg	Я тут босс!	UTC	t	t	t
43	rr	photoprofile/photoprofile_default.jpg		UTC	t	t	t
44	tt	photoprofile/photoprofile_default.jpg		UTC	t	t	t
37	tsuvorov	photoprofile/photo_tsuvorov_1675424457294142814.jpeg		Europe/Moscow	t	t	t
\.


--
-- Data for Name: django_admin_log; Type: TABLE DATA; Schema: public; Owner: tsuvorov
--

COPY public.django_admin_log (id, action_time, object_id, object_repr, action_flag, change_message, content_type_id, user_id) FROM stdin;
1	2023-01-05 16:37:31.39+00	1	Танки	1	[{"added": {}}]	9	1
2	2023-01-05 16:39:06.966+00	2	Хилы	1	[{"added": {}}]	9	1
3	2023-01-05 16:39:52.816+00	3	ДД	1	[{"added": {}}]	9	1
4	2023-01-05 16:40:13.194+00	4	Торговцы	1	[{"added": {}}]	9	1
5	2023-01-05 16:40:30.571+00	5	Гилдмастеры	1	[{"added": {}}]	9	1
6	2023-01-05 16:41:23.189+00	6	Квестгиверы	1	[{"added": {}}]	9	1
7	2023-01-05 16:41:51.861+00	7	Кузнецы	1	[{"added": {}}]	9	1
8	2023-01-05 16:42:06.651+00	8	Кожевники	1	[{"added": {}}]	9	1
9	2023-01-05 16:42:29.445+00	9	Зельевары	1	[{"added": {}}]	9	1
10	2023-01-05 16:42:55.488+00	10	Мастера заклинаний	1	[{"added": {}}]	9	1
11	2023-01-05 16:44:14.671+00	3	ДД	2	[{"changed": {"fields": ["URL"]}}]	9	1
12	2023-01-05 16:44:24.392+00	1	Танки	2	[{"changed": {"fields": ["URL"]}}]	9	1
13	2023-01-05 16:48:05.963+00	1	Сопроводить караван торговцев	1	[{"added": {}}]	8	1
14	2023-01-05 16:48:35.895+00	2	Доставьте вино в таверну	1	[{"added": {}}]	8	1
15	2023-01-05 16:49:55.378+00	3	Собери команду	1	[{"added": {}}]	8	1
16	2023-01-05 16:51:13.064+00	4	Победи ради справедливости	1	[{"added": {}}]	8	1
17	2023-01-05 16:52:51.501+00	5	Доспехи для лошадей	1	[{"added": {}}]	8	1
18	2023-01-05 16:57:51.012+00	6	Загадка Эйнштейна	1	[{"added": {}}]	8	1
19	2023-01-05 17:10:40.553+00	6	Загадка Эйнштейна	2	[{"changed": {"fields": ["\\u0421\\u043e\\u0434\\u0435\\u0440\\u0436\\u0430\\u043d\\u0438\\u0435"]}}]	8	1
20	2023-01-05 17:49:42.58+00	1	Готов выполнить	1	[{"added": {}}]	10	1
21	2023-01-07 14:07:58.532+00	26	dsadsddsd2adssdasd22d2ds	3		8	1
22	2023-01-07 14:07:58.548+00	25	dsadsddsdadsdasd22d2ds	3		8	1
23	2023-01-07 14:07:58.561+00	24	11111	3		8	1
24	2023-01-07 14:07:58.574+00	23	dsadsddsdadasd22d2ds	3		8	1
25	2023-01-07 14:07:58.588+00	22	dsadsddsadasd22d2ds	3		8	1
26	2023-01-07 14:07:58.602+00	21	dsadsddsadasdd2ds	3		8	1
27	2023-01-07 14:07:58.615+00	20	dsaddsadasdd2ds	3		8	1
28	2023-01-07 14:07:58.629+00	19	dsaddsadasdd2	3		8	1
29	2023-01-07 14:07:58.643+00	18	dsddsdsddd2	3		8	1
30	2023-01-07 14:07:58.657+00	17	dsddsdsddd	3		8	1
31	2023-01-07 14:07:58.671+00	16	dsddsds	3		8	1
32	2023-01-07 14:07:58.684+00	15	dsaddsadasdd	3		8	1
33	2023-01-07 14:07:58.708+00	14	dsaddsadas	3		8	1
34	2023-01-07 14:07:58.722+00	13	dsadasdsd	3		8	1
35	2023-01-07 14:07:58.736+00	12	dsadas	3		8	1
36	2023-01-07 14:07:58.749+00	11	dsad	3		8	1
37	2023-01-07 14:08:06.144+00	10	fs123123dasddfsdfdsad	3		8	1
38	2023-01-07 14:08:06.158+00	9	fs123123dfsdfdsad	3		8	1
39	2023-01-07 14:08:06.172+00	8	fsdfsdfdsad	3		8	1
40	2023-01-07 14:08:06.185+00	7	fsdfsdf	3		8	1
41	2023-01-07 17:09:54.2+00	2	Tomik	1	[{"added": {}}]	4	1
42	2023-01-08 13:06:30.678+00	32	Тестовая ракета	1	[{"added": {}}]	8	1
43	2023-01-12 20:02:22.399+00	1	127.0.0.1	2	[{"changed": {"fields": ["Domain name"]}}]	13	1
44	2023-01-12 20:15:44.787+00	1	YandexAPP	1	[{"added": {}}]	17	1
45	2023-01-13 10:29:31.009+00	1	all_authorizated	1	[{"added": {}}]	3	1
46	2023-01-13 10:31:06.773+00	1	common_users	2	[{"changed": {"fields": ["Name"]}}]	3	1
47	2023-01-13 11:16:00.286+00	2	managers	2	[{"changed": {"fields": ["Permissions"]}}]	3	1
48	2023-01-13 11:28:04.875+00	2	YandexAPP	1	[{"added": {}}]	17	1
49	2023-01-15 16:34:47.446+00	1	admin	2	[{"changed": {"fields": ["Groups"]}}]	4	1
50	2023-01-16 15:56:58.023+00	20	kk	3		4	1
51	2023-01-16 15:56:58.046+00	19	timur.suvorov.a	3		4	1
52	2023-01-16 17:59:02.95+00	3	VKAPP	1	[{"added": {}}]	17	1
53	2023-01-16 19:07:30.089+00	22	kk	3		4	1
54	2023-01-16 19:08:01.429+00	37	dsadasdsadsad	3		8	1
55	2023-01-16 19:08:01.461+00	35	dasdsa	3		8	1
56	2023-01-16 19:08:01.484+00	34	1qeqwewqe1	3		8	1
57	2023-01-17 12:04:41.009+00	21	timur.suvorov.a	3		4	1
58	2023-01-17 12:46:56.607+00	23	tsuvorov	3		4	1
59	2023-01-17 12:56:36.255+00	22	suvorovt@gmail.com	3		14	1
60	2023-01-17 12:56:42.727+00	24	tsuvorov	3		4	1
61	2023-01-17 12:58:59.728+00	25	tsuvorov	3		4	1
62	2023-01-17 12:59:21.866+00	26	tsuvorov	3		4	1
63	2023-01-17 13:27:40.804+00	27	tsuvorov	3		4	1
64	2023-01-17 14:41:59.783+00	28	tsuvorov	3		4	1
65	2023-01-17 15:28:39.859+00	29	tsuvorov	3		4	1
66	2023-01-17 16:00:06.456+00	30	tsuvorov	3		4	1
67	2023-01-17 16:17:03.189+00	31	tsuvorov	3		4	1
68	2023-01-17 16:18:48.695+00	32	tsuvorov	3		4	1
69	2023-01-17 16:19:32.439+00	33	tsuvorov	3		4	1
70	2023-01-17 16:20:30.113+00	34	tsuvorov	3		4	1
71	2023-01-17 17:01:20.879+00	35	kk	3		4	1
72	2023-01-17 17:45:12.089+00	36	tt	3		4	1
73	2023-01-17 19:17:49.448+00	2	TomikProfile	1	[{"added": {}}]	7	1
74	2023-01-17 19:18:04.04+00	21	timur.suvorov.aProfile	1	[{"added": {}}]	7	1
75	2023-01-22 18:51:15.447+00	3	newsauthors	1	[{"added": {}}]	3	1
76	2023-01-26 19:03:39.267+00	1	common_users	2	[{"changed": {"fields": ["Permissions"]}}]	3	1
77	2023-01-30 15:21:51.248679+00	38	kk	3		4	1
78	2023-02-01 14:58:52.560818+00	39	kk1	3		4	1
79	2023-02-01 16:27:10.241254+00	40	r1	3		4	1
80	2023-02-01 16:29:19.628292+00	41	r1	3		4	1
81	2023-02-02 10:49:32.030091+00	42	r1	3		4	1
\.


--
-- Data for Name: django_content_type; Type: TABLE DATA; Schema: public; Owner: tsuvorov
--

COPY public.django_content_type (id, app_label, model) FROM stdin;
1	admin	logentry
2	auth	permission
3	auth	group
4	auth	user
5	contenttypes	contenttype
6	sessions	session
7	billboard	userprofile
8	billboard	announcement
9	billboard	category
10	billboard	reply
11	billboard	newsletter
12	django_summernote	attachment
13	sites	site
14	account	emailaddress
15	account	emailconfirmation
16	socialaccount	socialaccount
17	socialaccount	socialapp
18	socialaccount	socialtoken
\.


--
-- Data for Name: django_migrations; Type: TABLE DATA; Schema: public; Owner: tsuvorov
--

COPY public.django_migrations (id, app, name, applied) FROM stdin;
1	contenttypes	0001_initial	2023-01-29 18:18:36.924416+00
2	auth	0001_initial	2023-01-29 18:18:37.078892+00
3	account	0001_initial	2023-01-29 18:18:37.132853+00
4	account	0002_email_max_length	2023-01-29 18:18:37.148058+00
5	admin	0001_initial	2023-01-29 18:18:37.181554+00
6	admin	0002_logentry_remove_auto_add	2023-01-29 18:18:37.193553+00
7	admin	0003_logentry_add_action_flag_choices	2023-01-29 18:18:37.210112+00
8	contenttypes	0002_remove_content_type_name	2023-01-29 18:18:37.245384+00
9	auth	0002_alter_permission_name_max_length	2023-01-29 18:18:37.259638+00
10	auth	0003_alter_user_email_max_length	2023-01-29 18:18:37.275925+00
11	auth	0004_alter_user_username_opts	2023-01-29 18:18:37.290116+00
12	auth	0005_alter_user_last_login_null	2023-01-29 18:18:37.310798+00
13	auth	0006_require_contenttypes_0002	2023-01-29 18:18:37.317009+00
14	auth	0007_alter_validators_add_error_messages	2023-01-29 18:18:37.331644+00
15	auth	0008_alter_user_username_max_length	2023-01-29 18:18:37.35831+00
16	auth	0009_alter_user_last_name_max_length	2023-01-29 18:18:37.377185+00
17	auth	0010_alter_group_name_max_length	2023-01-29 18:18:37.401464+00
18	auth	0011_update_proxy_permissions	2023-01-29 18:18:37.424105+00
19	auth	0012_alter_user_first_name_max_length	2023-01-29 18:18:37.450843+00
20	billboard	0001_initial	2023-01-29 18:18:37.634073+00
21	sessions	0001_initial	2023-01-29 18:18:37.653236+00
22	sites	0001_initial	2023-01-29 18:18:37.662363+00
23	sites	0002_alter_domain_unique	2023-01-29 18:18:37.676643+00
24	socialaccount	0001_initial	2023-01-29 18:18:37.788162+00
25	socialaccount	0002_token_max_lengths	2023-01-29 18:18:37.814654+00
26	socialaccount	0003_extra_data_default_dict	2023-01-29 18:18:37.826923+00
27	billboard	0002_announcement_photoannouncement_and_more	2023-02-01 17:28:54.859148+00
28	billboard	0003_alter_announcement_photoimage_and_more	2023-02-01 19:42:24.479465+00
29	billboard	0002_announcement_photoimage_newsletter_photoimage_and_more	2023-02-01 19:51:03.772498+00
30	billboard	0002_rename_photoprofile_userprofile_photoimage_and_more	2023-02-01 20:03:10.705667+00
31	billboard	0002_alter_announcement_photoimage	2023-02-03 18:07:55.865098+00
\.


--
-- Data for Name: django_session; Type: TABLE DATA; Schema: public; Owner: tsuvorov
--

COPY public.django_session (session_key, session_data, expire_date) FROM stdin;
1fhchn9fftkthg7fx00zzkktngy2y0pv	.eJxVjMsOwiAUBf-FtSGF8tKle7-B3AdI1UBS2pXx322TLnR7Zua8RYR1KXHtaY4Ti4tQ4vS7IdAz1R3wA-q9SWp1mSeUuyIP2uWtcXpdD_fvoEAvWz3abLQLhElTygHZEVKGs9HIpI0Oio3TZgjgbWCrks8jbsh75wbPQXy-BNM4bQ:1pL4dk:yoCH3nukJA1TcnzUlc-qVeIvdqkpVvC17OCFn60KpQM	2023-02-09 15:58:16.644+00
2g9ki3ntttvjywraqi1lvpkyafuybum2	.eJxVjE0OwiAYRO_C2jQUCrTu9CLk-yMlNjSxsDLe3dZ0oct5M_NeKkKrc2ybPGNmdVWmV5dfiEAPKUcDy3LgDojWVmr33Zz11t32JKVmgprXcj9ff6oZtnn3BN3jYPrkgYZJJCDzFJgNOD2a5AA5WTtazz5ZhwGFBb32iJSINaF6fwD_3z4d:1pHrXA:1eKi6S7n6tD1gH7ow-JRze5P-XPN01ffa-cl1CT1S-4	2023-01-31 19:22:12.19+00
sofaq6g3j4rf2oxwmmip00kpu13ff7t1	.eJxVjMEOgyAQBf-FszGKCNRj7_0GArtLpaWQqPTQpv9ebUwTrzPz3ptZgFzSYp40BR8IDT1siGxIJcbqb8tMExvYi1XM2LKMP2ACrqw9MmfhTmkTeLPpmmvIaZmCq7ek3u1cXzJSPO_t4WC087iuu94LLjU44kBeO5TgwNuT4A6BC65bFJKLRlvVa-xbUr5zq1JKykahZp8vyPFKRg:1pHpKj:bBz1W3yNE8sNjfr0JApGpxT207UZiiYl5t-TKEorfiA	2023-01-31 17:01:13.864+00
qkxmandelccs6ny8rhyxnttm6i2vnod1	.eJwVzEEKwkAMheG7ZF2YurRbK97AjUhJY9SBOBkmGVoovbvT3ePn421gShEFibQmn8zRGYbHBolXhwHCHEVmxfIKiRcTdudigQofsINclNisSdFPTK0YaW4X0CZW_04ZC_4OAHsHy6mvl3y_nd_jFZ77H3i5K8I:1pQrSv:hvwWeBxz0Er5ooLeu_q5dbxJDifT1rFG35PQMc4QQww	2023-02-25 15:07:01.450269+00
w3iozmeivnw0yjkhiyc1gaa4vttulzbf	.eJxVjE0OwiAYRO_C2jQUCrTu9CLk-yMlNjSxsDLe3dZ0oct5M_NeKkKrc2ybPGNmdVWmV5dfiEAPKUcDy3LgDojWVmr33Zz11t32JKVmgprXcj9ff6oZtnn3BN3jYPrkgYZJJCDzFJgNOD2a5AA5WTtazz5ZhwGFBb32iJSINaF6fwD_3z4d:1pQrVZ:EB-YEdsBU2_BjrWRiqMRPbdbgVtj-dcluM5lwtM7F4Q	2023-02-25 15:09:45.928774+00
x8uqck71hzqjhmfd60mp6c4g5zwg8v5w	.eJxVjMsOwiAURP-FtWl4U9zZHyGXyzUQG5oIrIz_bmu60OWcmTkvFmD0HEajZyiJXZly7PILI-CD6tHAuh54AsRt1D59N2fdptueqPaC0MtWl_P1p8rQ8u4hlSiRByFIzdo7JQ0ReE7ekEHNEbyHmLSyEMlGCRIjv4voNJrZWMfeHwebPUA:1pRDix:LrgWXEfLXcdy8NE1ysdJ7sbN7fWmEue_J4VPPzSLtUM	2023-02-26 14:53:03.273202+00
\.


--
-- Data for Name: django_site; Type: TABLE DATA; Schema: public; Owner: tsuvorov
--

COPY public.django_site (id, domain, name) FROM stdin;
1	127.0.0.1	example.com
\.


--
-- Data for Name: socialaccount_socialaccount; Type: TABLE DATA; Schema: public; Owner: tsuvorov
--

COPY public.socialaccount_socialaccount (id, provider, uid, last_login, date_joined, extra_data, user_id) FROM stdin;
3	yandex	1699060001	2023-02-11 15:09:45.894081+00	2023-01-16 18:03:21.86+00	{"id": "1699060001", "login": "timur.suvorov.a", "client_id": "c72355adfa7e4fbf96a0e16d7e5b131b", "display_name": "timur.suvorov.a", "real_name": "\\u0422\\u0438\\u043c\\u0443\\u0440 \\u0421\\u0443\\u0432\\u043e\\u0440\\u043e\\u0432", "first_name": "\\u0422\\u0438\\u043c\\u0443\\u0440", "last_name": "\\u0421\\u0443\\u0432\\u043e\\u0440\\u043e\\u0432", "sex": "male", "default_email": "timur.suvorov.a@yandex.ru", "emails": ["timur.suvorov.a@yandex.ru"], "psuid": "1.AAj_qA.U6VzActmk-Y7HSuesrYNYg.GuwxH3HmccdICn1WX2utvg"}	21
16	vk	1796768	2023-02-12 14:53:03.191174+00	2023-01-25 15:00:34.014+00	{"id": 1796768, "nickname": "", "bdate": "6.1.1988", "city": {"id": 859, "title": "\\u041a\\u043e\\u0440\\u043e\\u043b\\u0451\\u0432"}, "country": {"id": 1, "title": "\\u0420\\u043e\\u0441\\u0441\\u0438\\u044f"}, "timezone": 3.0, "photo_max_orig": "https://sun1-93.userapi.com/s/v1/ig2/4pJWIaOcm5cwrYogpEnTVO_Apt7nrTb7sLdOyIIJAfGMUfsbnwcspctxNasGhW7aH4EpIGqIN8odMzNMCmV2X-iZ.jpg?size=400x400&quality=96&crop=280,0,720,720&ava=1", "has_mobile": 1, "photo_medium": "https://sun1-93.userapi.com/s/v1/ig2/UOKqeJ_HddGwKKglYoE1w3IC6abLnlTRDmFJJIJelaXGa9cd0Uq76KRhFRO9pXY0HApwwe7oLc6Aye_atDa_2KfD.jpg?size=100x100&quality=96&crop=352,72,576,576&ava=1", "photo": "https://sun1-93.userapi.com/s/v1/ig2/1rl6xntP1Lq0482Xwby61KCZjYGKNpUUVhGGvI2HnZoGt3eNYdcfqpTHZS9IYptJv3RAa4vwQEje8E-HwkiyaDYG.jpg?size=50x50&quality=96&crop=352,72,576,576&ava=1", "photo_big": "https://sun1-93.userapi.com/s/v1/ig2/aljFm5mQeq9Q3Ue97Vv8wxjvFo4IoDgit-JGejtU4Whlzgn_c2mvzoCXVIFOTNYYdwzFCO1UjhbiA9E2Kg-0idXG.jpg?size=200x200&quality=96&crop=280,0,720,720&ava=1", "home_phone": "", "activity": "", "last_seen": {"platform": 7, "time": 1674147180}, "university": 293, "university_name": "\\u041c\\u0422\\u0423\\u0421\\u0418", "faculty": 2065, "faculty_name": "\\u0424\\u0430\\u043a\\u0443\\u043b\\u044c\\u0442\\u0435\\u0442 \\u00ab\\u0420\\u0430\\u0434\\u0438\\u043e \\u0438 \\u0442\\u0435\\u043b\\u0435\\u0432\\u0438\\u0434\\u0435\\u043d\\u0438\\u0435\\u00bb", "graduation": 2010, "education_form": "\\u041e\\u0447\\u043d\\u043e\\u0435 \\u043e\\u0442\\u0434\\u0435\\u043b\\u0435\\u043d\\u0438\\u0435", "education_status": "\\u0412\\u044b\\u043f\\u0443\\u0441\\u043a\\u043d\\u0438\\u043a (\\u0441\\u043f\\u0435\\u0446\\u0438\\u0430\\u043b\\u0438\\u0441\\u0442)", "relation": 4, "relation_partner": {"id": 1688316, "first_name": "\\u041c\\u0430\\u0440\\u0438\\u044f", "last_name": "\\u0421\\u0443\\u0432\\u043e\\u0440\\u043e\\u0432\\u0430"}, "universities": [{"chair": 3036, "chair_name": "\\u0421\\u0438\\u0441\\u0442\\u0435\\u043c \\u0440\\u0430\\u0434\\u0438\\u043e\\u0441\\u0432\\u044f\\u0437\\u0438", "city": 1, "country": 1, "education_form": "\\u041e\\u0447\\u043d\\u043e\\u0435 \\u043e\\u0442\\u0434\\u0435\\u043b\\u0435\\u043d\\u0438\\u0435", "education_form_id": 1, "education_status": "\\u0412\\u044b\\u043f\\u0443\\u0441\\u043a\\u043d\\u0438\\u043a (\\u0441\\u043f\\u0435\\u0446\\u0438\\u0430\\u043b\\u0438\\u0441\\u0442)", "education_status_id": 5, "faculty": 2065, "faculty_name": "\\u0424\\u0430\\u043a\\u0443\\u043b\\u044c\\u0442\\u0435\\u0442 \\u00ab\\u0420\\u0430\\u0434\\u0438\\u043e \\u0438 \\u0442\\u0435\\u043b\\u0435\\u0432\\u0438\\u0434\\u0435\\u043d\\u0438\\u0435\\u00bb", "graduation": 2010, "id": 293, "name": "\\u041c\\u0422\\u0423\\u0421\\u0418"}], "counters": {"albums": 12, "audios": 204, "followers": 125, "friends": 124, "gifts": 4, "groups": 27, "online_friends": 3, "pages": 12, "photos": 428, "subscriptions": 0, "videos": 53, "new_photo_tags": 0, "new_recognition_tags": 0, "clips_followers": 249}, "sex": 2, "screen_name": "tsuvorov", "online": 0, "first_name": "\\u0422\\u0438\\u043c\\u0443\\u0440", "last_name": "\\u0421\\u0443\\u0432\\u043e\\u0440\\u043e\\u0432", "can_access_closed": true, "is_closed": false, "email": "suvorovt@gmail.com"}	37
\.


--
-- Data for Name: socialaccount_socialapp; Type: TABLE DATA; Schema: public; Owner: tsuvorov
--

COPY public.socialaccount_socialapp (id, provider, name, client_id, secret, key) FROM stdin;
1	yandex	YandexAPP	c72355adfa7e4fbf96a0e16d7e5b131b	8b4ff9518d5d4cddbe7ae8d101e4d055	
3	vk	VKAPP	51527613	cfaUiE2leb3ERvzkrvNt	28a0fe2d28a0fe2d28a0fe2d842bb2c190228a028a0fe2d4b656e2101132cac043971c8
\.


--
-- Data for Name: socialaccount_socialapp_sites; Type: TABLE DATA; Schema: public; Owner: tsuvorov
--

COPY public.socialaccount_socialapp_sites (id, socialapp_id, site_id) FROM stdin;
1	1	1
2	3	1
\.


--
-- Data for Name: socialaccount_socialtoken; Type: TABLE DATA; Schema: public; Owner: tsuvorov
--

COPY public.socialaccount_socialtoken (id, token, token_secret, expires_at, account_id, app_id) FROM stdin;
\.


--
-- Name: account_emailaddress_id_seq; Type: SEQUENCE SET; Schema: public; Owner: tsuvorov
--

SELECT pg_catalog.setval('public.account_emailaddress_id_seq', 43, true);


--
-- Name: account_emailconfirmation_id_seq; Type: SEQUENCE SET; Schema: public; Owner: tsuvorov
--

SELECT pg_catalog.setval('public.account_emailconfirmation_id_seq', 18, true);


--
-- Name: auth_group_id_seq; Type: SEQUENCE SET; Schema: public; Owner: tsuvorov
--

SELECT pg_catalog.setval('public.auth_group_id_seq', 3, true);


--
-- Name: auth_group_permissions_id_seq; Type: SEQUENCE SET; Schema: public; Owner: tsuvorov
--

SELECT pg_catalog.setval('public.auth_group_permissions_id_seq', 184, true);


--
-- Name: auth_permission_id_seq; Type: SEQUENCE SET; Schema: public; Owner: tsuvorov
--

SELECT pg_catalog.setval('public.auth_permission_id_seq', 72, true);


--
-- Name: auth_user_groups_id_seq; Type: SEQUENCE SET; Schema: public; Owner: tsuvorov
--

SELECT pg_catalog.setval('public.auth_user_groups_id_seq', 15, true);


--
-- Name: auth_user_id_seq; Type: SEQUENCE SET; Schema: public; Owner: tsuvorov
--

SELECT pg_catalog.setval('public.auth_user_id_seq', 44, true);


--
-- Name: auth_user_user_permissions_id_seq; Type: SEQUENCE SET; Schema: public; Owner: tsuvorov
--

SELECT pg_catalog.setval('public.auth_user_user_permissions_id_seq', 1, false);


--
-- Name: billboard_announcement_id_seq; Type: SEQUENCE SET; Schema: public; Owner: tsuvorov
--

SELECT pg_catalog.setval('public.billboard_announcement_id_seq', 49, true);


--
-- Name: billboard_category_id_seq; Type: SEQUENCE SET; Schema: public; Owner: tsuvorov
--

SELECT pg_catalog.setval('public.billboard_category_id_seq', 10, true);


--
-- Name: billboard_newsletter_id_seq; Type: SEQUENCE SET; Schema: public; Owner: tsuvorov
--

SELECT pg_catalog.setval('public.billboard_newsletter_id_seq', 12, true);


--
-- Name: billboard_reply_id_seq; Type: SEQUENCE SET; Schema: public; Owner: tsuvorov
--

SELECT pg_catalog.setval('public.billboard_reply_id_seq', 17, true);


--
-- Name: django_admin_log_id_seq; Type: SEQUENCE SET; Schema: public; Owner: tsuvorov
--

SELECT pg_catalog.setval('public.django_admin_log_id_seq', 81, true);


--
-- Name: django_content_type_id_seq; Type: SEQUENCE SET; Schema: public; Owner: tsuvorov
--

SELECT pg_catalog.setval('public.django_content_type_id_seq', 18, true);


--
-- Name: django_migrations_id_seq; Type: SEQUENCE SET; Schema: public; Owner: tsuvorov
--

SELECT pg_catalog.setval('public.django_migrations_id_seq', 31, true);


--
-- Name: django_site_id_seq; Type: SEQUENCE SET; Schema: public; Owner: tsuvorov
--

SELECT pg_catalog.setval('public.django_site_id_seq', 1, true);


--
-- Name: socialaccount_socialaccount_id_seq; Type: SEQUENCE SET; Schema: public; Owner: tsuvorov
--

SELECT pg_catalog.setval('public.socialaccount_socialaccount_id_seq', 16, true);


--
-- Name: socialaccount_socialapp_id_seq; Type: SEQUENCE SET; Schema: public; Owner: tsuvorov
--

SELECT pg_catalog.setval('public.socialaccount_socialapp_id_seq', 3, true);


--
-- Name: socialaccount_socialapp_sites_id_seq; Type: SEQUENCE SET; Schema: public; Owner: tsuvorov
--

SELECT pg_catalog.setval('public.socialaccount_socialapp_sites_id_seq', 2, true);


--
-- Name: socialaccount_socialtoken_id_seq; Type: SEQUENCE SET; Schema: public; Owner: tsuvorov
--

SELECT pg_catalog.setval('public.socialaccount_socialtoken_id_seq', 1, false);


--
-- Name: account_emailaddress account_emailaddress_email_key; Type: CONSTRAINT; Schema: public; Owner: tsuvorov
--

ALTER TABLE ONLY public.account_emailaddress
    ADD CONSTRAINT account_emailaddress_email_key UNIQUE (email);


--
-- Name: account_emailaddress account_emailaddress_pkey; Type: CONSTRAINT; Schema: public; Owner: tsuvorov
--

ALTER TABLE ONLY public.account_emailaddress
    ADD CONSTRAINT account_emailaddress_pkey PRIMARY KEY (id);


--
-- Name: account_emailconfirmation account_emailconfirmation_key_key; Type: CONSTRAINT; Schema: public; Owner: tsuvorov
--

ALTER TABLE ONLY public.account_emailconfirmation
    ADD CONSTRAINT account_emailconfirmation_key_key UNIQUE (key);


--
-- Name: account_emailconfirmation account_emailconfirmation_pkey; Type: CONSTRAINT; Schema: public; Owner: tsuvorov
--

ALTER TABLE ONLY public.account_emailconfirmation
    ADD CONSTRAINT account_emailconfirmation_pkey PRIMARY KEY (id);


--
-- Name: auth_group auth_group_name_key; Type: CONSTRAINT; Schema: public; Owner: tsuvorov
--

ALTER TABLE ONLY public.auth_group
    ADD CONSTRAINT auth_group_name_key UNIQUE (name);


--
-- Name: auth_group_permissions auth_group_permissions_group_id_permission_id_0cd325b0_uniq; Type: CONSTRAINT; Schema: public; Owner: tsuvorov
--

ALTER TABLE ONLY public.auth_group_permissions
    ADD CONSTRAINT auth_group_permissions_group_id_permission_id_0cd325b0_uniq UNIQUE (group_id, permission_id);


--
-- Name: auth_group_permissions auth_group_permissions_pkey; Type: CONSTRAINT; Schema: public; Owner: tsuvorov
--

ALTER TABLE ONLY public.auth_group_permissions
    ADD CONSTRAINT auth_group_permissions_pkey PRIMARY KEY (id);


--
-- Name: auth_group auth_group_pkey; Type: CONSTRAINT; Schema: public; Owner: tsuvorov
--

ALTER TABLE ONLY public.auth_group
    ADD CONSTRAINT auth_group_pkey PRIMARY KEY (id);


--
-- Name: auth_permission auth_permission_content_type_id_codename_01ab375a_uniq; Type: CONSTRAINT; Schema: public; Owner: tsuvorov
--

ALTER TABLE ONLY public.auth_permission
    ADD CONSTRAINT auth_permission_content_type_id_codename_01ab375a_uniq UNIQUE (content_type_id, codename);


--
-- Name: auth_permission auth_permission_pkey; Type: CONSTRAINT; Schema: public; Owner: tsuvorov
--

ALTER TABLE ONLY public.auth_permission
    ADD CONSTRAINT auth_permission_pkey PRIMARY KEY (id);


--
-- Name: auth_user_groups auth_user_groups_pkey; Type: CONSTRAINT; Schema: public; Owner: tsuvorov
--

ALTER TABLE ONLY public.auth_user_groups
    ADD CONSTRAINT auth_user_groups_pkey PRIMARY KEY (id);


--
-- Name: auth_user_groups auth_user_groups_user_id_group_id_94350c0c_uniq; Type: CONSTRAINT; Schema: public; Owner: tsuvorov
--

ALTER TABLE ONLY public.auth_user_groups
    ADD CONSTRAINT auth_user_groups_user_id_group_id_94350c0c_uniq UNIQUE (user_id, group_id);


--
-- Name: auth_user auth_user_pkey; Type: CONSTRAINT; Schema: public; Owner: tsuvorov
--

ALTER TABLE ONLY public.auth_user
    ADD CONSTRAINT auth_user_pkey PRIMARY KEY (id);


--
-- Name: auth_user_user_permissions auth_user_user_permissions_pkey; Type: CONSTRAINT; Schema: public; Owner: tsuvorov
--

ALTER TABLE ONLY public.auth_user_user_permissions
    ADD CONSTRAINT auth_user_user_permissions_pkey PRIMARY KEY (id);


--
-- Name: auth_user_user_permissions auth_user_user_permissions_user_id_permission_id_14a6b632_uniq; Type: CONSTRAINT; Schema: public; Owner: tsuvorov
--

ALTER TABLE ONLY public.auth_user_user_permissions
    ADD CONSTRAINT auth_user_user_permissions_user_id_permission_id_14a6b632_uniq UNIQUE (user_id, permission_id);


--
-- Name: auth_user auth_user_username_key; Type: CONSTRAINT; Schema: public; Owner: tsuvorov
--

ALTER TABLE ONLY public.auth_user
    ADD CONSTRAINT auth_user_username_key UNIQUE (username);


--
-- Name: billboard_announcement billboard_announcement_pkey; Type: CONSTRAINT; Schema: public; Owner: tsuvorov
--

ALTER TABLE ONLY public.billboard_announcement
    ADD CONSTRAINT billboard_announcement_pkey PRIMARY KEY (id);


--
-- Name: billboard_announcement billboard_announcement_title_key; Type: CONSTRAINT; Schema: public; Owner: tsuvorov
--

ALTER TABLE ONLY public.billboard_announcement
    ADD CONSTRAINT billboard_announcement_title_key UNIQUE (title);


--
-- Name: billboard_category billboard_category_catname_key; Type: CONSTRAINT; Schema: public; Owner: tsuvorov
--

ALTER TABLE ONLY public.billboard_category
    ADD CONSTRAINT billboard_category_catname_key UNIQUE (catname);


--
-- Name: billboard_category billboard_category_pkey; Type: CONSTRAINT; Schema: public; Owner: tsuvorov
--

ALTER TABLE ONLY public.billboard_category
    ADD CONSTRAINT billboard_category_pkey PRIMARY KEY (id);


--
-- Name: billboard_category billboard_category_slug_key; Type: CONSTRAINT; Schema: public; Owner: tsuvorov
--

ALTER TABLE ONLY public.billboard_category
    ADD CONSTRAINT billboard_category_slug_key UNIQUE (slug);


--
-- Name: billboard_newsletter billboard_newsletter_pkey; Type: CONSTRAINT; Schema: public; Owner: tsuvorov
--

ALTER TABLE ONLY public.billboard_newsletter
    ADD CONSTRAINT billboard_newsletter_pkey PRIMARY KEY (id);


--
-- Name: billboard_newsletter billboard_newsletter_title_key; Type: CONSTRAINT; Schema: public; Owner: tsuvorov
--

ALTER TABLE ONLY public.billboard_newsletter
    ADD CONSTRAINT billboard_newsletter_title_key UNIQUE (title);


--
-- Name: billboard_reply billboard_reply_pkey; Type: CONSTRAINT; Schema: public; Owner: tsuvorov
--

ALTER TABLE ONLY public.billboard_reply
    ADD CONSTRAINT billboard_reply_pkey PRIMARY KEY (id);


--
-- Name: billboard_userprofile billboard_userprofile_nickname_key; Type: CONSTRAINT; Schema: public; Owner: tsuvorov
--

ALTER TABLE ONLY public.billboard_userprofile
    ADD CONSTRAINT billboard_userprofile_nickname_key UNIQUE (nickname);


--
-- Name: billboard_userprofile billboard_userprofile_pkey; Type: CONSTRAINT; Schema: public; Owner: tsuvorov
--

ALTER TABLE ONLY public.billboard_userprofile
    ADD CONSTRAINT billboard_userprofile_pkey PRIMARY KEY (user_id);


--
-- Name: django_admin_log django_admin_log_pkey; Type: CONSTRAINT; Schema: public; Owner: tsuvorov
--

ALTER TABLE ONLY public.django_admin_log
    ADD CONSTRAINT django_admin_log_pkey PRIMARY KEY (id);


--
-- Name: django_content_type django_content_type_app_label_model_76bd3d3b_uniq; Type: CONSTRAINT; Schema: public; Owner: tsuvorov
--

ALTER TABLE ONLY public.django_content_type
    ADD CONSTRAINT django_content_type_app_label_model_76bd3d3b_uniq UNIQUE (app_label, model);


--
-- Name: django_content_type django_content_type_pkey; Type: CONSTRAINT; Schema: public; Owner: tsuvorov
--

ALTER TABLE ONLY public.django_content_type
    ADD CONSTRAINT django_content_type_pkey PRIMARY KEY (id);


--
-- Name: django_migrations django_migrations_pkey; Type: CONSTRAINT; Schema: public; Owner: tsuvorov
--

ALTER TABLE ONLY public.django_migrations
    ADD CONSTRAINT django_migrations_pkey PRIMARY KEY (id);


--
-- Name: django_session django_session_pkey; Type: CONSTRAINT; Schema: public; Owner: tsuvorov
--

ALTER TABLE ONLY public.django_session
    ADD CONSTRAINT django_session_pkey PRIMARY KEY (session_key);


--
-- Name: django_site django_site_domain_a2e37b91_uniq; Type: CONSTRAINT; Schema: public; Owner: tsuvorov
--

ALTER TABLE ONLY public.django_site
    ADD CONSTRAINT django_site_domain_a2e37b91_uniq UNIQUE (domain);


--
-- Name: django_site django_site_pkey; Type: CONSTRAINT; Schema: public; Owner: tsuvorov
--

ALTER TABLE ONLY public.django_site
    ADD CONSTRAINT django_site_pkey PRIMARY KEY (id);


--
-- Name: socialaccount_socialaccount socialaccount_socialaccount_pkey; Type: CONSTRAINT; Schema: public; Owner: tsuvorov
--

ALTER TABLE ONLY public.socialaccount_socialaccount
    ADD CONSTRAINT socialaccount_socialaccount_pkey PRIMARY KEY (id);


--
-- Name: socialaccount_socialaccount socialaccount_socialaccount_provider_uid_fc810c6e_uniq; Type: CONSTRAINT; Schema: public; Owner: tsuvorov
--

ALTER TABLE ONLY public.socialaccount_socialaccount
    ADD CONSTRAINT socialaccount_socialaccount_provider_uid_fc810c6e_uniq UNIQUE (provider, uid);


--
-- Name: socialaccount_socialapp_sites socialaccount_socialapp__socialapp_id_site_id_71a9a768_uniq; Type: CONSTRAINT; Schema: public; Owner: tsuvorov
--

ALTER TABLE ONLY public.socialaccount_socialapp_sites
    ADD CONSTRAINT socialaccount_socialapp__socialapp_id_site_id_71a9a768_uniq UNIQUE (socialapp_id, site_id);


--
-- Name: socialaccount_socialapp socialaccount_socialapp_pkey; Type: CONSTRAINT; Schema: public; Owner: tsuvorov
--

ALTER TABLE ONLY public.socialaccount_socialapp
    ADD CONSTRAINT socialaccount_socialapp_pkey PRIMARY KEY (id);


--
-- Name: socialaccount_socialapp_sites socialaccount_socialapp_sites_pkey; Type: CONSTRAINT; Schema: public; Owner: tsuvorov
--

ALTER TABLE ONLY public.socialaccount_socialapp_sites
    ADD CONSTRAINT socialaccount_socialapp_sites_pkey PRIMARY KEY (id);


--
-- Name: socialaccount_socialtoken socialaccount_socialtoken_app_id_account_id_fca4e0ac_uniq; Type: CONSTRAINT; Schema: public; Owner: tsuvorov
--

ALTER TABLE ONLY public.socialaccount_socialtoken
    ADD CONSTRAINT socialaccount_socialtoken_app_id_account_id_fca4e0ac_uniq UNIQUE (app_id, account_id);


--
-- Name: socialaccount_socialtoken socialaccount_socialtoken_pkey; Type: CONSTRAINT; Schema: public; Owner: tsuvorov
--

ALTER TABLE ONLY public.socialaccount_socialtoken
    ADD CONSTRAINT socialaccount_socialtoken_pkey PRIMARY KEY (id);


--
-- Name: account_emailaddress_email_03be32b2_like; Type: INDEX; Schema: public; Owner: tsuvorov
--

CREATE INDEX account_emailaddress_email_03be32b2_like ON public.account_emailaddress USING btree (email varchar_pattern_ops);


--
-- Name: account_emailaddress_user_id_2c513194; Type: INDEX; Schema: public; Owner: tsuvorov
--

CREATE INDEX account_emailaddress_user_id_2c513194 ON public.account_emailaddress USING btree (user_id);


--
-- Name: account_emailconfirmation_email_address_id_5b7f8c58; Type: INDEX; Schema: public; Owner: tsuvorov
--

CREATE INDEX account_emailconfirmation_email_address_id_5b7f8c58 ON public.account_emailconfirmation USING btree (email_address_id);


--
-- Name: account_emailconfirmation_key_f43612bd_like; Type: INDEX; Schema: public; Owner: tsuvorov
--

CREATE INDEX account_emailconfirmation_key_f43612bd_like ON public.account_emailconfirmation USING btree (key varchar_pattern_ops);


--
-- Name: auth_group_name_a6ea08ec_like; Type: INDEX; Schema: public; Owner: tsuvorov
--

CREATE INDEX auth_group_name_a6ea08ec_like ON public.auth_group USING btree (name varchar_pattern_ops);


--
-- Name: auth_group_permissions_group_id_b120cbf9; Type: INDEX; Schema: public; Owner: tsuvorov
--

CREATE INDEX auth_group_permissions_group_id_b120cbf9 ON public.auth_group_permissions USING btree (group_id);


--
-- Name: auth_group_permissions_permission_id_84c5c92e; Type: INDEX; Schema: public; Owner: tsuvorov
--

CREATE INDEX auth_group_permissions_permission_id_84c5c92e ON public.auth_group_permissions USING btree (permission_id);


--
-- Name: auth_permission_content_type_id_2f476e4b; Type: INDEX; Schema: public; Owner: tsuvorov
--

CREATE INDEX auth_permission_content_type_id_2f476e4b ON public.auth_permission USING btree (content_type_id);


--
-- Name: auth_user_groups_group_id_97559544; Type: INDEX; Schema: public; Owner: tsuvorov
--

CREATE INDEX auth_user_groups_group_id_97559544 ON public.auth_user_groups USING btree (group_id);


--
-- Name: auth_user_groups_user_id_6a12ed8b; Type: INDEX; Schema: public; Owner: tsuvorov
--

CREATE INDEX auth_user_groups_user_id_6a12ed8b ON public.auth_user_groups USING btree (user_id);


--
-- Name: auth_user_user_permissions_permission_id_1fbb5f2c; Type: INDEX; Schema: public; Owner: tsuvorov
--

CREATE INDEX auth_user_user_permissions_permission_id_1fbb5f2c ON public.auth_user_user_permissions USING btree (permission_id);


--
-- Name: auth_user_user_permissions_user_id_a95ead1b; Type: INDEX; Schema: public; Owner: tsuvorov
--

CREATE INDEX auth_user_user_permissions_user_id_a95ead1b ON public.auth_user_user_permissions USING btree (user_id);


--
-- Name: auth_user_username_6821ab7c_like; Type: INDEX; Schema: public; Owner: tsuvorov
--

CREATE INDEX auth_user_username_6821ab7c_like ON public.auth_user USING btree (username varchar_pattern_ops);


--
-- Name: billboard_announcement_author_ann_id_201aec8c; Type: INDEX; Schema: public; Owner: tsuvorov
--

CREATE INDEX billboard_announcement_author_ann_id_201aec8c ON public.billboard_announcement USING btree (author_ann_id);


--
-- Name: billboard_announcement_category_id_10d140f7; Type: INDEX; Schema: public; Owner: tsuvorov
--

CREATE INDEX billboard_announcement_category_id_10d140f7 ON public.billboard_announcement USING btree (category_id);


--
-- Name: billboard_announcement_title_730b987e_like; Type: INDEX; Schema: public; Owner: tsuvorov
--

CREATE INDEX billboard_announcement_title_730b987e_like ON public.billboard_announcement USING btree (title varchar_pattern_ops);


--
-- Name: billboard_category_catname_67428ab3_like; Type: INDEX; Schema: public; Owner: tsuvorov
--

CREATE INDEX billboard_category_catname_67428ab3_like ON public.billboard_category USING btree (catname varchar_pattern_ops);


--
-- Name: billboard_category_slug_17bffc3d_like; Type: INDEX; Schema: public; Owner: tsuvorov
--

CREATE INDEX billboard_category_slug_17bffc3d_like ON public.billboard_category USING btree (slug varchar_pattern_ops);


--
-- Name: billboard_newsletter_author_news_id_2a5b10e8; Type: INDEX; Schema: public; Owner: tsuvorov
--

CREATE INDEX billboard_newsletter_author_news_id_2a5b10e8 ON public.billboard_newsletter USING btree (author_news_id);


--
-- Name: billboard_newsletter_category_id_b3f19c5f; Type: INDEX; Schema: public; Owner: tsuvorov
--

CREATE INDEX billboard_newsletter_category_id_b3f19c5f ON public.billboard_newsletter USING btree (category_id);


--
-- Name: billboard_newsletter_title_00687c88_like; Type: INDEX; Schema: public; Owner: tsuvorov
--

CREATE INDEX billboard_newsletter_title_00687c88_like ON public.billboard_newsletter USING btree (title varchar_pattern_ops);


--
-- Name: billboard_reply_announcement_id_27e708a8; Type: INDEX; Schema: public; Owner: tsuvorov
--

CREATE INDEX billboard_reply_announcement_id_27e708a8 ON public.billboard_reply USING btree (announcement_id);


--
-- Name: billboard_reply_author_repl_id_4400b702; Type: INDEX; Schema: public; Owner: tsuvorov
--

CREATE INDEX billboard_reply_author_repl_id_4400b702 ON public.billboard_reply USING btree (author_repl_id);


--
-- Name: billboard_userprofile_nickname_7d7e593b_like; Type: INDEX; Schema: public; Owner: tsuvorov
--

CREATE INDEX billboard_userprofile_nickname_7d7e593b_like ON public.billboard_userprofile USING btree (nickname varchar_pattern_ops);


--
-- Name: django_admin_log_content_type_id_c4bce8eb; Type: INDEX; Schema: public; Owner: tsuvorov
--

CREATE INDEX django_admin_log_content_type_id_c4bce8eb ON public.django_admin_log USING btree (content_type_id);


--
-- Name: django_admin_log_user_id_c564eba6; Type: INDEX; Schema: public; Owner: tsuvorov
--

CREATE INDEX django_admin_log_user_id_c564eba6 ON public.django_admin_log USING btree (user_id);


--
-- Name: django_session_expire_date_a5c62663; Type: INDEX; Schema: public; Owner: tsuvorov
--

CREATE INDEX django_session_expire_date_a5c62663 ON public.django_session USING btree (expire_date);


--
-- Name: django_session_session_key_c0390e0f_like; Type: INDEX; Schema: public; Owner: tsuvorov
--

CREATE INDEX django_session_session_key_c0390e0f_like ON public.django_session USING btree (session_key varchar_pattern_ops);


--
-- Name: django_site_domain_a2e37b91_like; Type: INDEX; Schema: public; Owner: tsuvorov
--

CREATE INDEX django_site_domain_a2e37b91_like ON public.django_site USING btree (domain varchar_pattern_ops);


--
-- Name: socialaccount_socialaccount_user_id_8146e70c; Type: INDEX; Schema: public; Owner: tsuvorov
--

CREATE INDEX socialaccount_socialaccount_user_id_8146e70c ON public.socialaccount_socialaccount USING btree (user_id);


--
-- Name: socialaccount_socialapp_sites_site_id_2579dee5; Type: INDEX; Schema: public; Owner: tsuvorov
--

CREATE INDEX socialaccount_socialapp_sites_site_id_2579dee5 ON public.socialaccount_socialapp_sites USING btree (site_id);


--
-- Name: socialaccount_socialapp_sites_socialapp_id_97fb6e7d; Type: INDEX; Schema: public; Owner: tsuvorov
--

CREATE INDEX socialaccount_socialapp_sites_socialapp_id_97fb6e7d ON public.socialaccount_socialapp_sites USING btree (socialapp_id);


--
-- Name: socialaccount_socialtoken_account_id_951f210e; Type: INDEX; Schema: public; Owner: tsuvorov
--

CREATE INDEX socialaccount_socialtoken_account_id_951f210e ON public.socialaccount_socialtoken USING btree (account_id);


--
-- Name: socialaccount_socialtoken_app_id_636a42d7; Type: INDEX; Schema: public; Owner: tsuvorov
--

CREATE INDEX socialaccount_socialtoken_app_id_636a42d7 ON public.socialaccount_socialtoken USING btree (app_id);


--
-- Name: account_emailaddress account_emailaddress_user_id_2c513194_fk_auth_user_id; Type: FK CONSTRAINT; Schema: public; Owner: tsuvorov
--

ALTER TABLE ONLY public.account_emailaddress
    ADD CONSTRAINT account_emailaddress_user_id_2c513194_fk_auth_user_id FOREIGN KEY (user_id) REFERENCES public.auth_user(id) DEFERRABLE INITIALLY DEFERRED;


--
-- Name: account_emailconfirmation account_emailconfirm_email_address_id_5b7f8c58_fk_account_e; Type: FK CONSTRAINT; Schema: public; Owner: tsuvorov
--

ALTER TABLE ONLY public.account_emailconfirmation
    ADD CONSTRAINT account_emailconfirm_email_address_id_5b7f8c58_fk_account_e FOREIGN KEY (email_address_id) REFERENCES public.account_emailaddress(id) DEFERRABLE INITIALLY DEFERRED;


--
-- Name: auth_group_permissions auth_group_permissio_permission_id_84c5c92e_fk_auth_perm; Type: FK CONSTRAINT; Schema: public; Owner: tsuvorov
--

ALTER TABLE ONLY public.auth_group_permissions
    ADD CONSTRAINT auth_group_permissio_permission_id_84c5c92e_fk_auth_perm FOREIGN KEY (permission_id) REFERENCES public.auth_permission(id) DEFERRABLE INITIALLY DEFERRED;


--
-- Name: auth_group_permissions auth_group_permissions_group_id_b120cbf9_fk_auth_group_id; Type: FK CONSTRAINT; Schema: public; Owner: tsuvorov
--

ALTER TABLE ONLY public.auth_group_permissions
    ADD CONSTRAINT auth_group_permissions_group_id_b120cbf9_fk_auth_group_id FOREIGN KEY (group_id) REFERENCES public.auth_group(id) DEFERRABLE INITIALLY DEFERRED;


--
-- Name: auth_permission auth_permission_content_type_id_2f476e4b_fk_django_co; Type: FK CONSTRAINT; Schema: public; Owner: tsuvorov
--

ALTER TABLE ONLY public.auth_permission
    ADD CONSTRAINT auth_permission_content_type_id_2f476e4b_fk_django_co FOREIGN KEY (content_type_id) REFERENCES public.django_content_type(id) DEFERRABLE INITIALLY DEFERRED;


--
-- Name: auth_user_groups auth_user_groups_group_id_97559544_fk_auth_group_id; Type: FK CONSTRAINT; Schema: public; Owner: tsuvorov
--

ALTER TABLE ONLY public.auth_user_groups
    ADD CONSTRAINT auth_user_groups_group_id_97559544_fk_auth_group_id FOREIGN KEY (group_id) REFERENCES public.auth_group(id) DEFERRABLE INITIALLY DEFERRED;


--
-- Name: auth_user_groups auth_user_groups_user_id_6a12ed8b_fk_auth_user_id; Type: FK CONSTRAINT; Schema: public; Owner: tsuvorov
--

ALTER TABLE ONLY public.auth_user_groups
    ADD CONSTRAINT auth_user_groups_user_id_6a12ed8b_fk_auth_user_id FOREIGN KEY (user_id) REFERENCES public.auth_user(id) DEFERRABLE INITIALLY DEFERRED;


--
-- Name: auth_user_user_permissions auth_user_user_permi_permission_id_1fbb5f2c_fk_auth_perm; Type: FK CONSTRAINT; Schema: public; Owner: tsuvorov
--

ALTER TABLE ONLY public.auth_user_user_permissions
    ADD CONSTRAINT auth_user_user_permi_permission_id_1fbb5f2c_fk_auth_perm FOREIGN KEY (permission_id) REFERENCES public.auth_permission(id) DEFERRABLE INITIALLY DEFERRED;


--
-- Name: auth_user_user_permissions auth_user_user_permissions_user_id_a95ead1b_fk_auth_user_id; Type: FK CONSTRAINT; Schema: public; Owner: tsuvorov
--

ALTER TABLE ONLY public.auth_user_user_permissions
    ADD CONSTRAINT auth_user_user_permissions_user_id_a95ead1b_fk_auth_user_id FOREIGN KEY (user_id) REFERENCES public.auth_user(id) DEFERRABLE INITIALLY DEFERRED;


--
-- Name: billboard_announcement billboard_announceme_category_id_10d140f7_fk_billboard; Type: FK CONSTRAINT; Schema: public; Owner: tsuvorov
--

ALTER TABLE ONLY public.billboard_announcement
    ADD CONSTRAINT billboard_announceme_category_id_10d140f7_fk_billboard FOREIGN KEY (category_id) REFERENCES public.billboard_category(id) DEFERRABLE INITIALLY DEFERRED;


--
-- Name: billboard_announcement billboard_announcement_author_ann_id_201aec8c_fk_auth_user_id; Type: FK CONSTRAINT; Schema: public; Owner: tsuvorov
--

ALTER TABLE ONLY public.billboard_announcement
    ADD CONSTRAINT billboard_announcement_author_ann_id_201aec8c_fk_auth_user_id FOREIGN KEY (author_ann_id) REFERENCES public.auth_user(id) DEFERRABLE INITIALLY DEFERRED;


--
-- Name: billboard_newsletter billboard_newsletter_author_news_id_2a5b10e8_fk_auth_user_id; Type: FK CONSTRAINT; Schema: public; Owner: tsuvorov
--

ALTER TABLE ONLY public.billboard_newsletter
    ADD CONSTRAINT billboard_newsletter_author_news_id_2a5b10e8_fk_auth_user_id FOREIGN KEY (author_news_id) REFERENCES public.auth_user(id) DEFERRABLE INITIALLY DEFERRED;


--
-- Name: billboard_newsletter billboard_newsletter_category_id_b3f19c5f_fk_billboard; Type: FK CONSTRAINT; Schema: public; Owner: tsuvorov
--

ALTER TABLE ONLY public.billboard_newsletter
    ADD CONSTRAINT billboard_newsletter_category_id_b3f19c5f_fk_billboard FOREIGN KEY (category_id) REFERENCES public.billboard_category(id) DEFERRABLE INITIALLY DEFERRED;


--
-- Name: billboard_reply billboard_reply_announcement_id_27e708a8_fk_billboard; Type: FK CONSTRAINT; Schema: public; Owner: tsuvorov
--

ALTER TABLE ONLY public.billboard_reply
    ADD CONSTRAINT billboard_reply_announcement_id_27e708a8_fk_billboard FOREIGN KEY (announcement_id) REFERENCES public.billboard_announcement(id) DEFERRABLE INITIALLY DEFERRED;


--
-- Name: billboard_reply billboard_reply_author_repl_id_4400b702_fk_auth_user_id; Type: FK CONSTRAINT; Schema: public; Owner: tsuvorov
--

ALTER TABLE ONLY public.billboard_reply
    ADD CONSTRAINT billboard_reply_author_repl_id_4400b702_fk_auth_user_id FOREIGN KEY (author_repl_id) REFERENCES public.auth_user(id) DEFERRABLE INITIALLY DEFERRED;


--
-- Name: billboard_userprofile billboard_userprofile_user_id_400c4339_fk_auth_user_id; Type: FK CONSTRAINT; Schema: public; Owner: tsuvorov
--

ALTER TABLE ONLY public.billboard_userprofile
    ADD CONSTRAINT billboard_userprofile_user_id_400c4339_fk_auth_user_id FOREIGN KEY (user_id) REFERENCES public.auth_user(id) DEFERRABLE INITIALLY DEFERRED;


--
-- Name: django_admin_log django_admin_log_content_type_id_c4bce8eb_fk_django_co; Type: FK CONSTRAINT; Schema: public; Owner: tsuvorov
--

ALTER TABLE ONLY public.django_admin_log
    ADD CONSTRAINT django_admin_log_content_type_id_c4bce8eb_fk_django_co FOREIGN KEY (content_type_id) REFERENCES public.django_content_type(id) DEFERRABLE INITIALLY DEFERRED;


--
-- Name: django_admin_log django_admin_log_user_id_c564eba6_fk_auth_user_id; Type: FK CONSTRAINT; Schema: public; Owner: tsuvorov
--

ALTER TABLE ONLY public.django_admin_log
    ADD CONSTRAINT django_admin_log_user_id_c564eba6_fk_auth_user_id FOREIGN KEY (user_id) REFERENCES public.auth_user(id) DEFERRABLE INITIALLY DEFERRED;


--
-- Name: socialaccount_socialtoken socialaccount_social_account_id_951f210e_fk_socialacc; Type: FK CONSTRAINT; Schema: public; Owner: tsuvorov
--

ALTER TABLE ONLY public.socialaccount_socialtoken
    ADD CONSTRAINT socialaccount_social_account_id_951f210e_fk_socialacc FOREIGN KEY (account_id) REFERENCES public.socialaccount_socialaccount(id) DEFERRABLE INITIALLY DEFERRED;


--
-- Name: socialaccount_socialtoken socialaccount_social_app_id_636a42d7_fk_socialacc; Type: FK CONSTRAINT; Schema: public; Owner: tsuvorov
--

ALTER TABLE ONLY public.socialaccount_socialtoken
    ADD CONSTRAINT socialaccount_social_app_id_636a42d7_fk_socialacc FOREIGN KEY (app_id) REFERENCES public.socialaccount_socialapp(id) DEFERRABLE INITIALLY DEFERRED;


--
-- Name: socialaccount_socialapp_sites socialaccount_social_site_id_2579dee5_fk_django_si; Type: FK CONSTRAINT; Schema: public; Owner: tsuvorov
--

ALTER TABLE ONLY public.socialaccount_socialapp_sites
    ADD CONSTRAINT socialaccount_social_site_id_2579dee5_fk_django_si FOREIGN KEY (site_id) REFERENCES public.django_site(id) DEFERRABLE INITIALLY DEFERRED;


--
-- Name: socialaccount_socialapp_sites socialaccount_social_socialapp_id_97fb6e7d_fk_socialacc; Type: FK CONSTRAINT; Schema: public; Owner: tsuvorov
--

ALTER TABLE ONLY public.socialaccount_socialapp_sites
    ADD CONSTRAINT socialaccount_social_socialapp_id_97fb6e7d_fk_socialacc FOREIGN KEY (socialapp_id) REFERENCES public.socialaccount_socialapp(id) DEFERRABLE INITIALLY DEFERRED;


--
-- Name: socialaccount_socialaccount socialaccount_socialaccount_user_id_8146e70c_fk_auth_user_id; Type: FK CONSTRAINT; Schema: public; Owner: tsuvorov
--

ALTER TABLE ONLY public.socialaccount_socialaccount
    ADD CONSTRAINT socialaccount_socialaccount_user_id_8146e70c_fk_auth_user_id FOREIGN KEY (user_id) REFERENCES public.auth_user(id) DEFERRABLE INITIALLY DEFERRED;


--
-- PostgreSQL database dump complete
--

