[{"model": "admin.logentry", "pk": 1, "fields": {"action_time": "2023-01-05T16:37:31.390Z", "user": 1, "content_type": 9, "object_id": "1", "object_repr": "Танки", "action_flag": 1, "change_message": "[{\"added\": {}}]"}}, {"model": "admin.logentry", "pk": 2, "fields": {"action_time": "2023-01-05T16:39:06.966Z", "user": 1, "content_type": 9, "object_id": "2", "object_repr": "Хилы", "action_flag": 1, "change_message": "[{\"added\": {}}]"}}, {"model": "admin.logentry", "pk": 3, "fields": {"action_time": "2023-01-05T16:39:52.816Z", "user": 1, "content_type": 9, "object_id": "3", "object_repr": "ДД", "action_flag": 1, "change_message": "[{\"added\": {}}]"}}, {"model": "admin.logentry", "pk": 4, "fields": {"action_time": "2023-01-05T16:40:13.194Z", "user": 1, "content_type": 9, "object_id": "4", "object_repr": "Торговцы", "action_flag": 1, "change_message": "[{\"added\": {}}]"}}, {"model": "admin.logentry", "pk": 5, "fields": {"action_time": "2023-01-05T16:40:30.571Z", "user": 1, "content_type": 9, "object_id": "5", "object_repr": "Гилдмастеры", "action_flag": 1, "change_message": "[{\"added\": {}}]"}}, {"model": "admin.logentry", "pk": 6, "fields": {"action_time": "2023-01-05T16:41:23.189Z", "user": 1, "content_type": 9, "object_id": "6", "object_repr": "Квестгиверы", "action_flag": 1, "change_message": "[{\"added\": {}}]"}}, {"model": "admin.logentry", "pk": 7, "fields": {"action_time": "2023-01-05T16:41:51.861Z", "user": 1, "content_type": 9, "object_id": "7", "object_repr": "Кузнецы", "action_flag": 1, "change_message": "[{\"added\": {}}]"}}, {"model": "admin.logentry", "pk": 8, "fields": {"action_time": "2023-01-05T16:42:06.651Z", "user": 1, "content_type": 9, "object_id": "8", "object_repr": "Кожевники", "action_flag": 1, "change_message": "[{\"added\": {}}]"}}, {"model": "admin.logentry", "pk": 9, "fields": {"action_time": "2023-01-05T16:42:29.445Z", "user": 1, "content_type": 9, "object_id": "9", "object_repr": "Зельевары", "action_flag": 1, "change_message": "[{\"added\": {}}]"}}, {"model": "admin.logentry", "pk": 10, "fields": {"action_time": "2023-01-05T16:42:55.488Z", "user": 1, "content_type": 9, "object_id": "10", "object_repr": "Мастера заклинаний", "action_flag": 1, "change_message": "[{\"added\": {}}]"}}, {"model": "admin.logentry", "pk": 11, "fields": {"action_time": "2023-01-05T16:44:14.671Z", "user": 1, "content_type": 9, "object_id": "3", "object_repr": "ДД", "action_flag": 2, "change_message": "[{\"changed\": {\"fields\": [\"URL\"]}}]"}}, {"model": "admin.logentry", "pk": 12, "fields": {"action_time": "2023-01-05T16:44:24.392Z", "user": 1, "content_type": 9, "object_id": "1", "object_repr": "Танки", "action_flag": 2, "change_message": "[{\"changed\": {\"fields\": [\"URL\"]}}]"}}, {"model": "admin.logentry", "pk": 13, "fields": {"action_time": "2023-01-05T16:48:05.963Z", "user": 1, "content_type": 8, "object_id": "1", "object_repr": "Сопроводить караван торговцев", "action_flag": 1, "change_message": "[{\"added\": {}}]"}}, {"model": "admin.logentry", "pk": 14, "fields": {"action_time": "2023-01-05T16:48:35.895Z", "user": 1, "content_type": 8, "object_id": "2", "object_repr": "Доставьте вино в таверну", "action_flag": 1, "change_message": "[{\"added\": {}}]"}}, {"model": "admin.logentry", "pk": 15, "fields": {"action_time": "2023-01-05T16:49:55.378Z", "user": 1, "content_type": 8, "object_id": "3", "object_repr": "Собери команду", "action_flag": 1, "change_message": "[{\"added\": {}}]"}}, {"model": "admin.logentry", "pk": 16, "fields": {"action_time": "2023-01-05T16:51:13.064Z", "user": 1, "content_type": 8, "object_id": "4", "object_repr": "Победи ради справедливости", "action_flag": 1, "change_message": "[{\"added\": {}}]"}}, {"model": "admin.logentry", "pk": 17, "fields": {"action_time": "2023-01-05T16:52:51.501Z", "user": 1, "content_type": 8, "object_id": "5", "object_repr": "Доспехи для лошадей", "action_flag": 1, "change_message": "[{\"added\": {}}]"}}, {"model": "admin.logentry", "pk": 18, "fields": {"action_time": "2023-01-05T16:57:51.012Z", "user": 1, "content_type": 8, "object_id": "6", "object_repr": "Загадка Эйнштейна", "action_flag": 1, "change_message": "[{\"added\": {}}]"}}, {"model": "admin.logentry", "pk": 19, "fields": {"action_time": "2023-01-05T17:10:40.553Z", "user": 1, "content_type": 8, "object_id": "6", "object_repr": "Загадка Эйнштейна", "action_flag": 2, "change_message": "[{\"changed\": {\"fields\": [\"\\u0421\\u043e\\u0434\\u0435\\u0440\\u0436\\u0430\\u043d\\u0438\\u0435\"]}}]"}}, {"model": "admin.logentry", "pk": 20, "fields": {"action_time": "2023-01-05T17:49:42.580Z", "user": 1, "content_type": 10, "object_id": "1", "object_repr": "Готов выполнить", "action_flag": 1, "change_message": "[{\"added\": {}}]"}}, {"model": "admin.logentry", "pk": 21, "fields": {"action_time": "2023-01-07T14:07:58.532Z", "user": 1, "content_type": 8, "object_id": "26", "object_repr": "dsadsddsd2adssdasd22d2ds", "action_flag": 3, "change_message": ""}}, {"model": "admin.logentry", "pk": 22, "fields": {"action_time": "2023-01-07T14:07:58.548Z", "user": 1, "content_type": 8, "object_id": "25", "object_repr": "dsadsddsdadsdasd22d2ds", "action_flag": 3, "change_message": ""}}, {"model": "admin.logentry", "pk": 23, "fields": {"action_time": "2023-01-07T14:07:58.561Z", "user": 1, "content_type": 8, "object_id": "24", "object_repr": "11111", "action_flag": 3, "change_message": ""}}, {"model": "admin.logentry", "pk": 24, "fields": {"action_time": "2023-01-07T14:07:58.574Z", "user": 1, "content_type": 8, "object_id": "23", "object_repr": "dsadsddsdadasd22d2ds", "action_flag": 3, "change_message": ""}}, {"model": "admin.logentry", "pk": 25, "fields": {"action_time": "2023-01-07T14:07:58.588Z", "user": 1, "content_type": 8, "object_id": "22", "object_repr": "dsadsddsadasd22d2ds", "action_flag": 3, "change_message": ""}}, {"model": "admin.logentry", "pk": 26, "fields": {"action_time": "2023-01-07T14:07:58.602Z", "user": 1, "content_type": 8, "object_id": "21", "object_repr": "dsadsddsadasdd2ds", "action_flag": 3, "change_message": ""}}, {"model": "admin.logentry", "pk": 27, "fields": {"action_time": "2023-01-07T14:07:58.615Z", "user": 1, "content_type": 8, "object_id": "20", "object_repr": "dsaddsadasdd2ds", "action_flag": 3, "change_message": ""}}, {"model": "admin.logentry", "pk": 28, "fields": {"action_time": "2023-01-07T14:07:58.629Z", "user": 1, "content_type": 8, "object_id": "19", "object_repr": "dsaddsadasdd2", "action_flag": 3, "change_message": ""}}, {"model": "admin.logentry", "pk": 29, "fields": {"action_time": "2023-01-07T14:07:58.643Z", "user": 1, "content_type": 8, "object_id": "18", "object_repr": "dsddsdsddd2", "action_flag": 3, "change_message": ""}}, {"model": "admin.logentry", "pk": 30, "fields": {"action_time": "2023-01-07T14:07:58.657Z", "user": 1, "content_type": 8, "object_id": "17", "object_repr": "dsddsdsddd", "action_flag": 3, "change_message": ""}}, {"model": "admin.logentry", "pk": 31, "fields": {"action_time": "2023-01-07T14:07:58.671Z", "user": 1, "content_type": 8, "object_id": "16", "object_repr": "dsddsds", "action_flag": 3, "change_message": ""}}, {"model": "admin.logentry", "pk": 32, "fields": {"action_time": "2023-01-07T14:07:58.684Z", "user": 1, "content_type": 8, "object_id": "15", "object_repr": "dsaddsadasdd", "action_flag": 3, "change_message": ""}}, {"model": "admin.logentry", "pk": 33, "fields": {"action_time": "2023-01-07T14:07:58.708Z", "user": 1, "content_type": 8, "object_id": "14", "object_repr": "dsaddsadas", "action_flag": 3, "change_message": ""}}, {"model": "admin.logentry", "pk": 34, "fields": {"action_time": "2023-01-07T14:07:58.722Z", "user": 1, "content_type": 8, "object_id": "13", "object_repr": "dsadasdsd", "action_flag": 3, "change_message": ""}}, {"model": "admin.logentry", "pk": 35, "fields": {"action_time": "2023-01-07T14:07:58.736Z", "user": 1, "content_type": 8, "object_id": "12", "object_repr": "dsadas", "action_flag": 3, "change_message": ""}}, {"model": "admin.logentry", "pk": 36, "fields": {"action_time": "2023-01-07T14:07:58.749Z", "user": 1, "content_type": 8, "object_id": "11", "object_repr": "dsad", "action_flag": 3, "change_message": ""}}, {"model": "admin.logentry", "pk": 37, "fields": {"action_time": "2023-01-07T14:08:06.144Z", "user": 1, "content_type": 8, "object_id": "10", "object_repr": "fs123123dasddfsdfdsad", "action_flag": 3, "change_message": ""}}, {"model": "admin.logentry", "pk": 38, "fields": {"action_time": "2023-01-07T14:08:06.158Z", "user": 1, "content_type": 8, "object_id": "9", "object_repr": "fs123123dfsdfdsad", "action_flag": 3, "change_message": ""}}, {"model": "admin.logentry", "pk": 39, "fields": {"action_time": "2023-01-07T14:08:06.172Z", "user": 1, "content_type": 8, "object_id": "8", "object_repr": "fsdfsdfdsad", "action_flag": 3, "change_message": ""}}, {"model": "admin.logentry", "pk": 40, "fields": {"action_time": "2023-01-07T14:08:06.185Z", "user": 1, "content_type": 8, "object_id": "7", "object_repr": "fsdfsdf", "action_flag": 3, "change_message": ""}}, {"model": "admin.logentry", "pk": 41, "fields": {"action_time": "2023-01-07T17:09:54.200Z", "user": 1, "content_type": 4, "object_id": "2", "object_repr": "Tomik", "action_flag": 1, "change_message": "[{\"added\": {}}]"}}, {"model": "admin.logentry", "pk": 42, "fields": {"action_time": "2023-01-08T13:06:30.678Z", "user": 1, "content_type": 8, "object_id": "32", "object_repr": "Тестовая ракета", "action_flag": 1, "change_message": "[{\"added\": {}}]"}}, {"model": "admin.logentry", "pk": 43, "fields": {"action_time": "2023-01-12T20:02:22.399Z", "user": 1, "content_type": 13, "object_id": "1", "object_repr": "127.0.0.1", "action_flag": 2, "change_message": "[{\"changed\": {\"fields\": [\"Domain name\"]}}]"}}, {"model": "admin.logentry", "pk": 44, "fields": {"action_time": "2023-01-12T20:15:44.787Z", "user": 1, "content_type": 17, "object_id": "1", "object_repr": "YandexAPP", "action_flag": 1, "change_message": "[{\"added\": {}}]"}}, {"model": "admin.logentry", "pk": 45, "fields": {"action_time": "2023-01-13T10:29:31.009Z", "user": 1, "content_type": 3, "object_id": "1", "object_repr": "all_authorizated", "action_flag": 1, "change_message": "[{\"added\": {}}]"}}, {"model": "admin.logentry", "pk": 46, "fields": {"action_time": "2023-01-13T10:31:06.773Z", "user": 1, "content_type": 3, "object_id": "1", "object_repr": "common_users", "action_flag": 2, "change_message": "[{\"changed\": {\"fields\": [\"Name\"]}}]"}}, {"model": "admin.logentry", "pk": 47, "fields": {"action_time": "2023-01-13T11:16:00.286Z", "user": 1, "content_type": 3, "object_id": "2", "object_repr": "managers", "action_flag": 2, "change_message": "[{\"changed\": {\"fields\": [\"Permissions\"]}}]"}}, {"model": "admin.logentry", "pk": 48, "fields": {"action_time": "2023-01-13T11:28:04.875Z", "user": 1, "content_type": 17, "object_id": "2", "object_repr": "YandexAPP", "action_flag": 1, "change_message": "[{\"added\": {}}]"}}, {"model": "admin.logentry", "pk": 49, "fields": {"action_time": "2023-01-15T16:34:47.446Z", "user": 1, "content_type": 4, "object_id": "1", "object_repr": "admin", "action_flag": 2, "change_message": "[{\"changed\": {\"fields\": [\"Groups\"]}}]"}}, {"model": "admin.logentry", "pk": 50, "fields": {"action_time": "2023-01-16T15:56:58.023Z", "user": 1, "content_type": 4, "object_id": "20", "object_repr": "kk", "action_flag": 3, "change_message": ""}}, {"model": "admin.logentry", "pk": 51, "fields": {"action_time": "2023-01-16T15:56:58.046Z", "user": 1, "content_type": 4, "object_id": "19", "object_repr": "timur.suvorov.a", "action_flag": 3, "change_message": ""}}, {"model": "admin.logentry", "pk": 52, "fields": {"action_time": "2023-01-16T17:59:02.950Z", "user": 1, "content_type": 17, "object_id": "3", "object_repr": "VKAPP", "action_flag": 1, "change_message": "[{\"added\": {}}]"}}, {"model": "admin.logentry", "pk": 53, "fields": {"action_time": "2023-01-16T19:07:30.089Z", "user": 1, "content_type": 4, "object_id": "22", "object_repr": "kk", "action_flag": 3, "change_message": ""}}, {"model": "admin.logentry", "pk": 54, "fields": {"action_time": "2023-01-16T19:08:01.429Z", "user": 1, "content_type": 8, "object_id": "37", "object_repr": "dsadasdsadsad", "action_flag": 3, "change_message": ""}}, {"model": "admin.logentry", "pk": 55, "fields": {"action_time": "2023-01-16T19:08:01.461Z", "user": 1, "content_type": 8, "object_id": "35", "object_repr": "dasdsa", "action_flag": 3, "change_message": ""}}, {"model": "admin.logentry", "pk": 56, "fields": {"action_time": "2023-01-16T19:08:01.484Z", "user": 1, "content_type": 8, "object_id": "34", "object_repr": "1qeqwewqe1", "action_flag": 3, "change_message": ""}}, {"model": "admin.logentry", "pk": 57, "fields": {"action_time": "2023-01-17T12:04:41.009Z", "user": 1, "content_type": 4, "object_id": "21", "object_repr": "timur.suvorov.a", "action_flag": 3, "change_message": ""}}, {"model": "admin.logentry", "pk": 58, "fields": {"action_time": "2023-01-17T12:46:56.607Z", "user": 1, "content_type": 4, "object_id": "23", "object_repr": "tsuvorov", "action_flag": 3, "change_message": ""}}, {"model": "admin.logentry", "pk": 59, "fields": {"action_time": "2023-01-17T12:56:36.255Z", "user": 1, "content_type": 14, "object_id": "22", "object_repr": "suvorovt@gmail.com", "action_flag": 3, "change_message": ""}}, {"model": "admin.logentry", "pk": 60, "fields": {"action_time": "2023-01-17T12:56:42.727Z", "user": 1, "content_type": 4, "object_id": "24", "object_repr": "tsuvorov", "action_flag": 3, "change_message": ""}}, {"model": "admin.logentry", "pk": 61, "fields": {"action_time": "2023-01-17T12:58:59.728Z", "user": 1, "content_type": 4, "object_id": "25", "object_repr": "tsuvorov", "action_flag": 3, "change_message": ""}}, {"model": "admin.logentry", "pk": 62, "fields": {"action_time": "2023-01-17T12:59:21.866Z", "user": 1, "content_type": 4, "object_id": "26", "object_repr": "tsuvorov", "action_flag": 3, "change_message": ""}}, {"model": "admin.logentry", "pk": 63, "fields": {"action_time": "2023-01-17T13:27:40.804Z", "user": 1, "content_type": 4, "object_id": "27", "object_repr": "tsuvorov", "action_flag": 3, "change_message": ""}}, {"model": "admin.logentry", "pk": 64, "fields": {"action_time": "2023-01-17T14:41:59.783Z", "user": 1, "content_type": 4, "object_id": "28", "object_repr": "tsuvorov", "action_flag": 3, "change_message": ""}}, {"model": "admin.logentry", "pk": 65, "fields": {"action_time": "2023-01-17T15:28:39.859Z", "user": 1, "content_type": 4, "object_id": "29", "object_repr": "tsuvorov", "action_flag": 3, "change_message": ""}}, {"model": "admin.logentry", "pk": 66, "fields": {"action_time": "2023-01-17T16:00:06.456Z", "user": 1, "content_type": 4, "object_id": "30", "object_repr": "tsuvorov", "action_flag": 3, "change_message": ""}}, {"model": "admin.logentry", "pk": 67, "fields": {"action_time": "2023-01-17T16:17:03.189Z", "user": 1, "content_type": 4, "object_id": "31", "object_repr": "tsuvorov", "action_flag": 3, "change_message": ""}}, {"model": "admin.logentry", "pk": 68, "fields": {"action_time": "2023-01-17T16:18:48.695Z", "user": 1, "content_type": 4, "object_id": "32", "object_repr": "tsuvorov", "action_flag": 3, "change_message": ""}}, {"model": "admin.logentry", "pk": 69, "fields": {"action_time": "2023-01-17T16:19:32.439Z", "user": 1, "content_type": 4, "object_id": "33", "object_repr": "tsuvorov", "action_flag": 3, "change_message": ""}}, {"model": "admin.logentry", "pk": 70, "fields": {"action_time": "2023-01-17T16:20:30.113Z", "user": 1, "content_type": 4, "object_id": "34", "object_repr": "tsuvorov", "action_flag": 3, "change_message": ""}}, {"model": "admin.logentry", "pk": 71, "fields": {"action_time": "2023-01-17T17:01:20.879Z", "user": 1, "content_type": 4, "object_id": "35", "object_repr": "kk", "action_flag": 3, "change_message": ""}}, {"model": "admin.logentry", "pk": 72, "fields": {"action_time": "2023-01-17T17:45:12.089Z", "user": 1, "content_type": 4, "object_id": "36", "object_repr": "tt", "action_flag": 3, "change_message": ""}}, {"model": "admin.logentry", "pk": 73, "fields": {"action_time": "2023-01-17T19:17:49.448Z", "user": 1, "content_type": 7, "object_id": "2", "object_repr": "TomikProfile", "action_flag": 1, "change_message": "[{\"added\": {}}]"}}, {"model": "admin.logentry", "pk": 74, "fields": {"action_time": "2023-01-17T19:18:04.040Z", "user": 1, "content_type": 7, "object_id": "21", "object_repr": "timur.suvorov.aProfile", "action_flag": 1, "change_message": "[{\"added\": {}}]"}}, {"model": "admin.logentry", "pk": 75, "fields": {"action_time": "2023-01-22T18:51:15.447Z", "user": 1, "content_type": 3, "object_id": "3", "object_repr": "newsauthors", "action_flag": 1, "change_message": "[{\"added\": {}}]"}}, {"model": "admin.logentry", "pk": 76, "fields": {"action_time": "2023-01-26T19:03:39.267Z", "user": 1, "content_type": 3, "object_id": "1", "object_repr": "common_users", "action_flag": 2, "change_message": "[{\"changed\": {\"fields\": [\"Permissions\"]}}]"}}, {"model": "auth.permission", "pk": 1, "fields": {"name": "Can add log entry", "content_type": 1, "codename": "add_logentry"}}, {"model": "auth.permission", "pk": 2, "fields": {"name": "Can change log entry", "content_type": 1, "codename": "change_logentry"}}, {"model": "auth.permission", "pk": 3, "fields": {"name": "Can delete log entry", "content_type": 1, "codename": "delete_logentry"}}, {"model": "auth.permission", "pk": 4, "fields": {"name": "Can view log entry", "content_type": 1, "codename": "view_logentry"}}, {"model": "auth.permission", "pk": 5, "fields": {"name": "Can add permission", "content_type": 2, "codename": "add_permission"}}, {"model": "auth.permission", "pk": 6, "fields": {"name": "Can change permission", "content_type": 2, "codename": "change_permission"}}, {"model": "auth.permission", "pk": 7, "fields": {"name": "Can delete permission", "content_type": 2, "codename": "delete_permission"}}, {"model": "auth.permission", "pk": 8, "fields": {"name": "Can view permission", "content_type": 2, "codename": "view_permission"}}, {"model": "auth.permission", "pk": 9, "fields": {"name": "Can add group", "content_type": 3, "codename": "add_group"}}, {"model": "auth.permission", "pk": 10, "fields": {"name": "Can change group", "content_type": 3, "codename": "change_group"}}, {"model": "auth.permission", "pk": 11, "fields": {"name": "Can delete group", "content_type": 3, "codename": "delete_group"}}, {"model": "auth.permission", "pk": 12, "fields": {"name": "Can view group", "content_type": 3, "codename": "view_group"}}, {"model": "auth.permission", "pk": 13, "fields": {"name": "Can add user", "content_type": 4, "codename": "add_user"}}, {"model": "auth.permission", "pk": 14, "fields": {"name": "Can change user", "content_type": 4, "codename": "change_user"}}, {"model": "auth.permission", "pk": 15, "fields": {"name": "Can delete user", "content_type": 4, "codename": "delete_user"}}, {"model": "auth.permission", "pk": 16, "fields": {"name": "Can view user", "content_type": 4, "codename": "view_user"}}, {"model": "auth.permission", "pk": 17, "fields": {"name": "Can add content type", "content_type": 5, "codename": "add_contenttype"}}, {"model": "auth.permission", "pk": 18, "fields": {"name": "Can change content type", "content_type": 5, "codename": "change_contenttype"}}, {"model": "auth.permission", "pk": 19, "fields": {"name": "Can delete content type", "content_type": 5, "codename": "delete_contenttype"}}, {"model": "auth.permission", "pk": 20, "fields": {"name": "Can view content type", "content_type": 5, "codename": "view_contenttype"}}, {"model": "auth.permission", "pk": 21, "fields": {"name": "Can add session", "content_type": 6, "codename": "add_session"}}, {"model": "auth.permission", "pk": 22, "fields": {"name": "Can change session", "content_type": 6, "codename": "change_session"}}, {"model": "auth.permission", "pk": 23, "fields": {"name": "Can delete session", "content_type": 6, "codename": "delete_session"}}, {"model": "auth.permission", "pk": 24, "fields": {"name": "Can view session", "content_type": 6, "codename": "view_session"}}, {"model": "auth.permission", "pk": 25, "fields": {"name": "Can add user profile", "content_type": 7, "codename": "add_userprofile"}}, {"model": "auth.permission", "pk": 26, "fields": {"name": "Can change user profile", "content_type": 7, "codename": "change_userprofile"}}, {"model": "auth.permission", "pk": 27, "fields": {"name": "Can delete user profile", "content_type": 7, "codename": "delete_userprofile"}}, {"model": "auth.permission", "pk": 28, "fields": {"name": "Can view user profile", "content_type": 7, "codename": "view_userprofile"}}, {"model": "auth.permission", "pk": 29, "fields": {"name": "Can add Объявления", "content_type": 8, "codename": "add_announcement"}}, {"model": "auth.permission", "pk": 30, "fields": {"name": "Can change Объявления", "content_type": 8, "codename": "change_announcement"}}, {"model": "auth.permission", "pk": 31, "fields": {"name": "Can delete Объявления", "content_type": 8, "codename": "delete_announcement"}}, {"model": "auth.permission", "pk": 32, "fields": {"name": "Can view Объявления", "content_type": 8, "codename": "view_announcement"}}, {"model": "auth.permission", "pk": 33, "fields": {"name": "Can add Категория", "content_type": 9, "codename": "add_category"}}, {"model": "auth.permission", "pk": 34, "fields": {"name": "Can change Категория", "content_type": 9, "codename": "change_category"}}, {"model": "auth.permission", "pk": 35, "fields": {"name": "Can delete Категория", "content_type": 9, "codename": "delete_category"}}, {"model": "auth.permission", "pk": 36, "fields": {"name": "Can view Категория", "content_type": 9, "codename": "view_category"}}, {"model": "auth.permission", "pk": 37, "fields": {"name": "Can add Отлик", "content_type": 10, "codename": "add_reply"}}, {"model": "auth.permission", "pk": 38, "fields": {"name": "Can change Отлик", "content_type": 10, "codename": "change_reply"}}, {"model": "auth.permission", "pk": 39, "fields": {"name": "Can delete Отлик", "content_type": 10, "codename": "delete_reply"}}, {"model": "auth.permission", "pk": 40, "fields": {"name": "Can view Отлик", "content_type": 10, "codename": "view_reply"}}, {"model": "auth.permission", "pk": 41, "fields": {"name": "Can add Рассылка", "content_type": 11, "codename": "add_newsletter"}}, {"model": "auth.permission", "pk": 42, "fields": {"name": "Can change Рассылка", "content_type": 11, "codename": "change_newsletter"}}, {"model": "auth.permission", "pk": 43, "fields": {"name": "Can delete Рассылка", "content_type": 11, "codename": "delete_newsletter"}}, {"model": "auth.permission", "pk": 44, "fields": {"name": "Can view Рассылка", "content_type": 11, "codename": "view_newsletter"}}, {"model": "auth.permission", "pk": 45, "fields": {"name": "Can add attachment", "content_type": 12, "codename": "add_attachment"}}, {"model": "auth.permission", "pk": 46, "fields": {"name": "Can change attachment", "content_type": 12, "codename": "change_attachment"}}, {"model": "auth.permission", "pk": 47, "fields": {"name": "Can delete attachment", "content_type": 12, "codename": "delete_attachment"}}, {"model": "auth.permission", "pk": 48, "fields": {"name": "Can view attachment", "content_type": 12, "codename": "view_attachment"}}, {"model": "auth.permission", "pk": 49, "fields": {"name": "Can add site", "content_type": 13, "codename": "add_site"}}, {"model": "auth.permission", "pk": 50, "fields": {"name": "Can change site", "content_type": 13, "codename": "change_site"}}, {"model": "auth.permission", "pk": 51, "fields": {"name": "Can delete site", "content_type": 13, "codename": "delete_site"}}, {"model": "auth.permission", "pk": 52, "fields": {"name": "Can view site", "content_type": 13, "codename": "view_site"}}, {"model": "auth.permission", "pk": 53, "fields": {"name": "Can add email address", "content_type": 14, "codename": "add_emailaddress"}}, {"model": "auth.permission", "pk": 54, "fields": {"name": "Can change email address", "content_type": 14, "codename": "change_emailaddress"}}, {"model": "auth.permission", "pk": 55, "fields": {"name": "Can delete email address", "content_type": 14, "codename": "delete_emailaddress"}}, {"model": "auth.permission", "pk": 56, "fields": {"name": "Can view email address", "content_type": 14, "codename": "view_emailaddress"}}, {"model": "auth.permission", "pk": 57, "fields": {"name": "Can add email confirmation", "content_type": 15, "codename": "add_emailconfirmation"}}, {"model": "auth.permission", "pk": 58, "fields": {"name": "Can change email confirmation", "content_type": 15, "codename": "change_emailconfirmation"}}, {"model": "auth.permission", "pk": 59, "fields": {"name": "Can delete email confirmation", "content_type": 15, "codename": "delete_emailconfirmation"}}, {"model": "auth.permission", "pk": 60, "fields": {"name": "Can view email confirmation", "content_type": 15, "codename": "view_emailconfirmation"}}, {"model": "auth.permission", "pk": 61, "fields": {"name": "Can add social account", "content_type": 16, "codename": "add_socialaccount"}}, {"model": "auth.permission", "pk": 62, "fields": {"name": "Can change social account", "content_type": 16, "codename": "change_socialaccount"}}, {"model": "auth.permission", "pk": 63, "fields": {"name": "Can delete social account", "content_type": 16, "codename": "delete_socialaccount"}}, {"model": "auth.permission", "pk": 64, "fields": {"name": "Can view social account", "content_type": 16, "codename": "view_socialaccount"}}, {"model": "auth.permission", "pk": 65, "fields": {"name": "Can add social application", "content_type": 17, "codename": "add_socialapp"}}, {"model": "auth.permission", "pk": 66, "fields": {"name": "Can change social application", "content_type": 17, "codename": "change_socialapp"}}, {"model": "auth.permission", "pk": 67, "fields": {"name": "Can delete social application", "content_type": 17, "codename": "delete_socialapp"}}, {"model": "auth.permission", "pk": 68, "fields": {"name": "Can view social application", "content_type": 17, "codename": "view_socialapp"}}, {"model": "auth.permission", "pk": 69, "fields": {"name": "Can add social application token", "content_type": 18, "codename": "add_socialtoken"}}, {"model": "auth.permission", "pk": 70, "fields": {"name": "Can change social application token", "content_type": 18, "codename": "change_socialtoken"}}, {"model": "auth.permission", "pk": 71, "fields": {"name": "Can delete social application token", "content_type": 18, "codename": "delete_socialtoken"}}, {"model": "auth.permission", "pk": 72, "fields": {"name": "Can view social application token", "content_type": 18, "codename": "view_socialtoken"}}, {"model": "auth.group", "pk": 1, "fields": {"name": "common_users", "permissions": [29, 30, 31, 32, 37, 38, 39, 40, 25, 26, 27, 28, 45, 46, 47, 48]}}, {"model": "auth.group", "pk": 2, "fields": {"name": "managers", "permissions": [53, 54, 55, 56, 57, 58, 59, 60, 1, 2, 3, 4, 9, 10, 11, 12, 5, 6, 7, 8, 13, 14, 15, 16, 29, 30, 31, 32, 33, 34, 35, 36, 41, 42, 43, 44, 37, 38, 39, 40, 25, 26, 27, 28, 17, 18, 19, 20, 45, 46, 47, 48, 21, 22, 23, 24, 49, 50, 51, 52, 61, 62, 63, 64, 65, 66, 67, 68, 69, 70, 71, 72]}}, {"model": "auth.group", "pk": 3, "fields": {"name": "newsauthors", "permissions": [41, 42, 43, 44]}}, {"model": "auth.user", "pk": 1, "fields": {"password": "pbkdf2_sha256$390000$OLtohcqQtHn6gd2LzcG5Fk$D1ltPyuRAe7s/GuHIuHaYKWc5qW0zRQ3gveyjSsgtPA=", "last_login": "2023-01-26T15:58:16.633Z", "is_superuser": true, "username": "admin", "first_name": "", "last_name": "", "email": "tsuvorov@gmail.com", "is_staff": true, "is_active": true, "date_joined": "2023-01-04T10:25:23Z", "groups": [1, 2], "user_permissions": []}}, {"model": "auth.user", "pk": 2, "fields": {"password": "pbkdf2_sha256$390000$FGDH8PbyYYr4TuPRvJ9IcI$aOeHRaCO8sqmfNKtxAcIohlTjaKiWKg8Y/Yqz4tsixE=", "last_login": null, "is_superuser": false, "username": "Tomik", "first_name": "", "last_name": "", "email": "rrr@gmail.com", "is_staff": false, "is_active": true, "date_joined": "2023-01-07T17:09:54.093Z", "groups": [], "user_permissions": []}}, {"model": "auth.user", "pk": 21, "fields": {"password": "!Zavu4aggTW8BbZEbIumOXcf0uX9WyTuXebdlQD8E", "last_login": "2023-01-26T19:53:42.596Z", "is_superuser": false, "username": "timur.suvorov.a", "first_name": "Тимур", "last_name": "Суворов", "email": "timur.suvorov.a@yandex.ru", "is_staff": false, "is_active": true, "date_joined": "2023-01-16T18:03:21.828Z", "groups": [1], "user_permissions": []}}, {"model": "auth.user", "pk": 37, "fields": {"password": "!H9b8U5d57NinTtuRxeI8tsJGnArFz9tHe4reGuY4", "last_login": "2023-01-25T15:01:10.915Z", "is_superuser": false, "username": "tsuvorov", "first_name": "Тимур", "last_name": "Суворов", "email": "suvorovt@gmail.com", "is_staff": false, "is_active": true, "date_joined": "2023-01-25T15:00:33.968Z", "groups": [1], "user_permissions": []}}, {"model": "contenttypes.contenttype", "pk": 1, "fields": {"app_label": "admin", "model": "logentry"}}, {"model": "contenttypes.contenttype", "pk": 2, "fields": {"app_label": "auth", "model": "permission"}}, {"model": "contenttypes.contenttype", "pk": 3, "fields": {"app_label": "auth", "model": "group"}}, {"model": "contenttypes.contenttype", "pk": 4, "fields": {"app_label": "auth", "model": "user"}}, {"model": "contenttypes.contenttype", "pk": 5, "fields": {"app_label": "contenttypes", "model": "contenttype"}}, {"model": "contenttypes.contenttype", "pk": 6, "fields": {"app_label": "sessions", "model": "session"}}, {"model": "contenttypes.contenttype", "pk": 7, "fields": {"app_label": "billboard", "model": "userprofile"}}, {"model": "contenttypes.contenttype", "pk": 8, "fields": {"app_label": "billboard", "model": "announcement"}}, {"model": "contenttypes.contenttype", "pk": 9, "fields": {"app_label": "billboard", "model": "category"}}, {"model": "contenttypes.contenttype", "pk": 10, "fields": {"app_label": "billboard", "model": "reply"}}, {"model": "contenttypes.contenttype", "pk": 11, "fields": {"app_label": "billboard", "model": "newsletter"}}, {"model": "contenttypes.contenttype", "pk": 12, "fields": {"app_label": "django_summernote", "model": "attachment"}}, {"model": "contenttypes.contenttype", "pk": 13, "fields": {"app_label": "sites", "model": "site"}}, {"model": "contenttypes.contenttype", "pk": 14, "fields": {"app_label": "account", "model": "emailaddress"}}, {"model": "contenttypes.contenttype", "pk": 15, "fields": {"app_label": "account", "model": "emailconfirmation"}}, {"model": "contenttypes.contenttype", "pk": 16, "fields": {"app_label": "socialaccount", "model": "socialaccount"}}, {"model": "contenttypes.contenttype", "pk": 17, "fields": {"app_label": "socialaccount", "model": "socialapp"}}, {"model": "contenttypes.contenttype", "pk": 18, "fields": {"app_label": "socialaccount", "model": "socialtoken"}}, {"model": "sessions.session", "pk": "1fhchn9fftkthg7fx00zzkktngy2y0pv", "fields": {"session_data": ".eJxVjMsOwiAUBf-FtSGF8tKle7-B3AdI1UBS2pXx322TLnR7Zua8RYR1KXHtaY4Ti4tQ4vS7IdAz1R3wA-q9SWp1mSeUuyIP2uWtcXpdD_fvoEAvWz3abLQLhElTygHZEVKGs9HIpI0Oio3TZgjgbWCrks8jbsh75wbPQXy-BNM4bQ:1pL4dk:yoCH3nukJA1TcnzUlc-qVeIvdqkpVvC17OCFn60KpQM", "expire_date": "2023-02-09T15:58:16.644Z"}}, {"model": "sessions.session", "pk": "2g9ki3ntttvjywraqi1lvpkyafuybum2", "fields": {"session_data": ".eJxVjE0OwiAYRO_C2jQUCrTu9CLk-yMlNjSxsDLe3dZ0oct5M_NeKkKrc2ybPGNmdVWmV5dfiEAPKUcDy3LgDojWVmr33Zz11t32JKVmgprXcj9ff6oZtnn3BN3jYPrkgYZJJCDzFJgNOD2a5AA5WTtazz5ZhwGFBb32iJSINaF6fwD_3z4d:1pHrXA:1eKi6S7n6tD1gH7ow-JRze5P-XPN01ffa-cl1CT1S-4", "expire_date": "2023-01-31T19:22:12.190Z"}}, {"model": "sessions.session", "pk": "i9jyf9615fy3txclaq8ldfl4r8xc28c5", "fields": {"session_data": ".eJxVjMsOwiAUBf-FtSGF8tKle7-B3AdI1UBS2pXx322TLnR7Zua8RYR1KXHtaY4Ti4tQ4vS7IdAz1R3wA-q9SWp1mSeUuyIP2uWtcXpdD_fvoEAvWz3abLQLhElTygHZEVKGs9HIpI0Oio3TZgjgbWCrks8jbsh75wbPQXy-BNM4bQ:1pJXXu:NWvFaKE64KhL9nh-_v_MCq_l4WF9GgM5GuBen-cUHAE", "expire_date": "2023-02-05T10:25:54.992Z"}}, {"model": "sessions.session", "pk": "sofaq6g3j4rf2oxwmmip00kpu13ff7t1", "fields": {"session_data": ".eJxVjMEOgyAQBf-FszGKCNRj7_0GArtLpaWQqPTQpv9ebUwTrzPz3ptZgFzSYp40BR8IDT1siGxIJcbqb8tMExvYi1XM2LKMP2ACrqw9MmfhTmkTeLPpmmvIaZmCq7ek3u1cXzJSPO_t4WC087iuu94LLjU44kBeO5TgwNuT4A6BC65bFJKLRlvVa-xbUr5zq1JKykahZp8vyPFKRg:1pHpKj:bBz1W3yNE8sNjfr0JApGpxT207UZiiYl5t-TKEorfiA", "expire_date": "2023-01-31T17:01:13.864Z"}}, {"model": "sessions.session", "pk": "tz70fquisa99b0qx9nfjwqzrx5l7558q", "fields": {"session_data": ".eJxVjE0OwiAYRO_C2jQUCrTu9CLk-yMlNjSxsDLe3dZ0oct5M_NeKkKrc2ybPGNmdVWmV5dfiEAPKUcDy3LgDojWVmr33Zz11t32JKVmgprXcj9ff6oZtnn3BN3jYPrkgYZJJCDzFJgNOD2a5AA5WTtazz5ZhwGFBb32iJSINaF6fwD_3z4d:1pL8Ja:jkIZtTwBiBHVlyXpiGDrM7qfwwJ0wZo37bl2NFUbn6w", "expire_date": "2023-02-09T19:53:42.638Z"}}, {"model": "billboard.announcement", "pk": 1, "fields": {"title": "Сопроводить караван торговцев", "content": "<p>Вас попросят сопроводить купеческий караван в определённый город. Довольно простой и малопривлекательный, но если у вас нет определённого количества солдат в отряде (от 10 и выше) вы не сможете взять этот квест. Караван будет следовать за вами, пока вы не доберётесь до города, тогда вам придётся поговорить с ними, чтобы выполнить квест.</p>", "is_published": true, "time_create": "2023-01-05T16:48:05.957Z", "time_update": "2023-01-22T11:36:33.378Z", "category": 5, "author_ann": 1, "num_replies": 2, "pageviews": 198}}, {"model": "billboard.announcement", "pk": 2, "fields": {"title": "Доставьте вино в таверну.", "content": "<p>Вас попросят доставить вино в таверну определённого города. Простой и весьма полезный. Рекомендуется иметь пару всадников в отряде и пару коней в инвентаре, чтобы передвигаться по карте с малым штрафом к скорости. Доставить голов скота: этот квест кажется похожим на тот, с караваном. Стадо крупного рогатого скота будет следовать за вами, но, как правило, медленнее, чем ваша партия, так что вам, возможно, придётся ждать, пока они догонят.</p>", "is_published": true, "time_create": "2023-01-05T16:48:35.885Z", "time_update": "2023-01-17T10:09:59.443Z", "category": 7, "author_ann": 1, "num_replies": 1, "pageviews": 233}}, {"model": "billboard.announcement", "pk": 3, "fields": {"title": "Собери команду", "content": "Вам потребуется набрать минимум 6 человек (это могут быть хоть крестьяне, наёмники и даже спутники)", "is_published": true, "time_create": "2023-01-05T16:49:55.369Z", "time_update": "2023-01-17T09:17:46.268Z", "category": 4, "author_ann": 1, "num_replies": 0, "pageviews": 142}}, {"model": "billboard.announcement", "pk": 4, "fields": {"title": "Победи ради справедливости", "content": "Найти и победить шайку бандитов, блуждающих рядом с городом (осторожно глава бандитов усиленная версия бандитов этого округа — то есть если вы на землях Фирдсвейна, то это будет налётчик Ванскерри)", "is_published": true, "time_create": "2023-01-05T16:51:13.054Z", "time_update": "2023-01-07T18:30:58.885Z", "category": 4, "author_ann": 1, "num_replies": 0, "pageviews": 139}}, {"model": "billboard.announcement", "pk": 5, "fields": {"title": "Доспехи для лошадей", "content": "После того как вы наймёте кузнеца и посетите его, Харольд расскажет, что во время отстройки руин работники нашли старые, но относительно целые доспехи для коня. Но даже если их починить, то не каждый конь их сможет надеть, так как такие доспехи делались для коней королевской породы, живших еще при старых королях Пендора и почти вымерших во время Красной чумы, и только для них. Мало кто знает, где остались выжившие королевские кони.", "is_published": true, "time_create": "2023-01-05T16:52:51.492Z", "time_update": "2023-01-17T10:11:18.311Z", "category": 8, "author_ann": 2, "num_replies": 1, "pageviews": 120}}, {"model": "billboard.announcement", "pk": 6, "fields": {"title": "Загадка Эйнштейна", "content": "<p><strong><span style=\"color:#000000\">Фаркас ждет меня для разговора.</span></strong></p>\r\n\r\n<p>Поговорите с Фаркасом о предстоящем задании. Забрать обломок. Отправляйтесь к Дремнему Каирну, что к северо-востоку от Морфала. Идите вглубь руин. Вскоре вы попадете в большой зал с двумя воротами. Одни из них открыты. Идите к ним. За ними найдете рычаг, нажмите. Посмотрите скриптовую сцену. Продолжайте путь. Попав в Древнюю крипту, спускайтесь вниз. Вскоре вы попадете в большой зал с запертыми воротами. Ключ лежит в этом же зале, в сундуке. Идите дальше. Вскоре вы попадете в большой зал, где и увидите обломок. Заберите его и приготовьтесь к бою с драуграми. Вернуться в Йоррваскр Возвращайтесь в Вайтран. У входа в Йоррваскр вас будет ждать Вилкас. Следовать за Вилкасом Идите за Вилкасом на задний двор Йоррваскра, чтобы пройти посвящение в Соратники. Теперь вы можете обновить свое оружие у Йорлуда Серой гривы.</p>", "is_published": true, "time_create": "2023-01-05T16:57:51.005Z", "time_update": "2023-01-26T19:45:04.524Z", "category": 6, "author_ann": 2, "num_replies": 2, "pageviews": 246}}, {"model": "billboard.announcement", "pk": 41, "fields": {"title": "dasdasda", "content": "<p>dasdasd</p>", "is_published": true, "time_create": "2023-01-26T19:59:17.621Z", "time_update": "2023-01-26T19:59:17.621Z", "category": 8, "author_ann": 1, "num_replies": 0, "pageviews": 3}}, {"model": "billboard.category", "pk": 1, "fields": {"catname": "Танки", "slug": "tanks"}}, {"model": "billboard.category", "pk": 2, "fields": {"catname": "Хилы", "slug": "hils"}}, {"model": "billboard.category", "pk": 3, "fields": {"catname": "ДД", "slug": "damagedealers"}}, {"model": "billboard.category", "pk": 4, "fields": {"catname": "Торговцы", "slug": "torgovtsi"}}, {"model": "billboard.category", "pk": 5, "fields": {"catname": "Гилдмастеры", "slug": "gildmasters"}}, {"model": "billboard.category", "pk": 6, "fields": {"catname": "Квестгиверы", "slug": "questgivers"}}, {"model": "billboard.category", "pk": 7, "fields": {"catname": "Кузнецы", "slug": "farriers"}}, {"model": "billboard.category", "pk": 8, "fields": {"catname": "Кожевники", "slug": "tanners"}}, {"model": "billboard.category", "pk": 9, "fields": {"catname": "Зельевары", "slug": "potionmakers"}}, {"model": "billboard.category", "pk": 10, "fields": {"catname": "Мастера заклинаний", "slug": "spellmasters"}}, {"model": "billboard.reply", "pk": 1, "fields": {"announcement": 1, "content": "Готов выполнить задание за 10 золотых!", "time_create": "2023-01-05T17:49:42.573Z", "time_update": "2023-01-17T18:00:09.368Z", "is_approved": "no_status", "author_repl": 2}}, {"model": "billboard.reply", "pk": 2, "fields": {"announcement": 6, "content": "Предлагаю обсудить аспекты нашего соглашения по объявлению. Свяжись со мной в личке!", "time_create": "2023-01-09T16:48:23.623Z", "time_update": "2023-01-12T16:22:00.970Z", "is_approved": "declained", "author_repl": 1}}, {"model": "billboard.reply", "pk": 3, "fields": {"announcement": 2, "content": "Я люблю вино. Боюсь сам выпью, но доставить готов!", "time_create": "2023-01-10T13:11:18.557Z", "time_update": "2023-01-17T10:25:29.132Z", "is_approved": "approved", "author_repl": 2}}, {"model": "billboard.reply", "pk": 7, "fields": {"announcement": 5, "content": "Это сделать нереально!!! Удалите объявление!", "time_create": "2023-01-17T10:11:18.194Z", "time_update": "2023-01-17T10:11:18.194Z", "is_approved": "no_status", "author_repl": 21}}, {"model": "billboard.reply", "pk": 8, "fields": {"announcement": 1, "content": "Хорошее задание! Давайте за 9 золотых буду готов прям сейчас!", "time_create": "2023-01-17T10:12:43.775Z", "time_update": "2023-01-17T10:25:39.732Z", "is_approved": "no_status", "author_repl": 21}}, {"model": "billboard.reply", "pk": 17, "fields": {"announcement": 6, "content": "Привет!", "time_create": "2023-01-26T13:21:05.734Z", "time_update": "2023-01-26T13:21:05.734Z", "is_approved": "no_status", "author_repl": 21}}, {"model": "billboard.newsletter", "pk": 5, "fields": {"title": "Все три глобальные версии MMORPG Lineage 2 запустили игровые ивенты", "content": "<p>Все три версии&nbsp;<a href=\"https://www.goha.ru/games/lineage-2\" rel=\"noreferrer noopener\" target=\"_blank\">Lineage 2</a>, издаваемых NCSOFT, а именно оригинальная игра, Lineage 2 Aden и&nbsp;<a href=\"https://www.goha.ru/games/lineage-2-classic\" rel=\"noreferrer noopener\" target=\"_blank\">Lineage 2 Classic</a>, на этой неделе запустили игровые ивенты мероприятия. В зависимости от того, в какую версию вы играете, вы можете попытаться найти выход из лабиринта, погрузиться в глубины подземелья, посетить замерзший каньон или собрать фрагменты кукол для клоуна. Теперь давайте разберемся, какое событие идет с какой версией.</p>\r\n\r\n<p>В Lineage 2 Aden вы сможете охотиться на монстров в событии &laquo;Подземный лабиринт Харнака&raquo;, чтобы получить шанс получить усиление XP и разблокировать ежедневные миссии, дающие дополнительные награды. Вы также можете проходить ограниченное по времени Подземелье Леоны один раз в день, чтобы получать дополнительные XP/SP и выполнять ежедневные миссии событий, чтобы получить еще больше наград. Оба мероприятия продлятся до 15 февраля.</p>\r\n\r\n<p><img alt=\"\" src=\"/media/uploads/2023/01/15/09s3qdegzl_nT38LEo.webp\" style=\"height:250px; width:600px\" /></p>", "category": 2, "is_published": true, "is_sent": true, "time_create": "2023-01-15T16:21:40.388Z", "author_news": 1, "pageviews": 53}}, {"model": "billboard.newsletter", "pk": 6, "fields": {"title": "Русскоязычная версия Lost Ark получит обновление «Снеговей продолжается!» 25 января", "content": "<p>Для русскоязычной версии MMORPG&nbsp;<a href=\"https://www.goha.ru/games/lost-ark-online\" rel=\"noreferrer noopener\" target=\"_blank\">Lost Ark</a>&nbsp;анонсировано январское обновление под названием &laquo;Снеговей продолжается!&raquo;. Разработчики планируют установить его на сервера 25 числа, и в ближайшие дни обещают раскрыть все подробности о нем. А пока они рассказали только об основных изменениях.</p>\r\n\r\n<p>Главным нововведением грядущего обновления станет новый остров под названием &laquo;Остров потерянных игрушек&raquo;, где игроков будут ждать шуты-плохиши с карточным замком.</p>\r\n\r\n<p><img alt=\"Русскоязычная версия Lost Ark получит обновление «Снеговей продолжается!» 25 января\" src=\"https://www.goha.ru/s/A:NG/cO/XQcoWNfC8N.png\" style=\"height:394px; width:700px\" title=\"Русскоязычная версия Lost Ark получит обновление «Снеговей продолжается!» 25 января\" /></p>\r\n\r\n<p>Вторым основным изменением январского обновления станет вторая часть зимнего события, которая будет связана с горячими источниками на острове Фрейи.</p>\r\n\r\n<p><img alt=\"Русскоязычная версия Lost Ark получит обновление «Снеговей продолжается!» 25 января\" src=\"https://www.goha.ru/s/A:BS/zn/Ioyep3dguD.png\" style=\"height:394px; width:700px\" title=\"Русскоязычная версия Lost Ark получит обновление «Снеговей продолжается!» 25 января\" /></p>\r\n\r\n<p>Источники:</p>\r\n\r\n<p><a href=\"https://lostark.ru/news/1478-obnovlenie-snegovey-prodolzhaetsya-skoro-v-igre\" rel=\"noopener nofollow\" target=\"_blank\">Lost Ark</a></p>", "category": 4, "is_published": true, "is_sent": true, "time_create": "2023-01-12T21:36:43.119Z", "author_news": 1, "pageviews": 21}}, {"model": "billboard.newsletter", "pk": 7, "fields": {"title": "Для MMORPG EverQuest опубликована дорожная карта на 2023 год", "content": "<p>Разработчики MMORPG&nbsp;<a href=\"https://www.goha.ru/games/everquest\" rel=\"noreferrer noopener\" target=\"_blank\">EverQuest</a>&nbsp;представили игрокам свежую дорожную карту развития игры на ближайшее время.</p>\r\n\r\n<p>Игроки могут ожидать возвращения сезонных и специальных событий с некоторыми обновлениями и новыми предметами. В этом месяце начнут разблокироваться рейды расширения Night of Shadows &mdash; An Appetite, Pit Fight и Mean Streets.&nbsp;</p>\r\n\r\n<p><img alt=\"Для MMORPG EverQuest опубликована дорожная карта на 2023 год\" src=\"https://www.goha.ru/s/A:Cr/Fm/oCGIz8kPpg.jpg\" style=\"height:394px; width:700px\" title=\"Для MMORPG EverQuest опубликована дорожная карта на 2023 год\" /></p>\r\n\r\n<p>В феврале мы увидим возвращение Дня Эроллизи с новым контентом. Также откроются рейды второго уровня Night of Shadows &mdash; When One Door Closes, Myconis Mutany и Dance of the Demiurge. В марте откроются рейды третьего уровня &mdash; The Spirit Fades, The Shadows Move и Under Siege.</p>\r\n\r\n<p>Также в марте 2023 года EverQuest отпразднует свою 24 годовщину. В рамках празднования будут представлены несколько новых квестов и специальная миссия.</p>\r\n\r\n<p>В апреле команда планирует начать развертывание нового движка пользовательского интерфейса. В мае стоит ожидать новый сервер Progression и новый контент для возвращающегося Tempest Festival. В июле произойдет слияние серверов, а также возвращение нескольких событий с добавлением нового контента.&nbsp;</p>\r\n\r\n<p>Осенью начнут появляться важные новости. В октябре команда представит новое расширение, откроет бета-тест и прием предварительных заказов. В декабре выйдет следующее, 30-е расширение для EverQuest.&nbsp;</p>", "category": 10, "is_published": true, "is_sent": true, "time_create": "2023-01-01T21:39:01.037Z", "author_news": 1, "pageviews": 18}}, {"model": "billboard.newsletter", "pk": 8, "fields": {"title": "Красочные навыки Мэгу в новом трейлере Black Desert", "content": "<p>Все игроки в MMORPG&nbsp;<a href=\"https://www.goha.ru/games/treacherous-waters\" rel=\"noreferrer noopener\" target=\"_blank\">Justice Online</a>&nbsp;от компании NetEase получат памятные подарки на тематику&nbsp;<a href=\"https://www.goha.ru/games/world-of-warcraft\" rel=\"noreferrer noopener\" target=\"_blank\">World Of Warcraft</a>, поддержка которой в Китае уже очень скоро прекратится.&nbsp;</p>\r\n\r\n<p>Blizzard и NetEase не смогли договориться о продолжении сотрудничества, несмотря на то, что китайская компания издавала World of Warcraft в Поднебесной с 2008 года. Виной тому, судя по эмоциональному комментарию президента NetEase Game Саймона Чжу, стала позиция СЕО Activision Blizzard Бобби Котика.</p>\r\n\r\n<p><img alt=\"\" src=\"https://www.goha.ru/s/A:Bh/Ri/ze0jK89oP9.jpg\" /></p>\r\n\r\n<p><a href=\"https://www.goha.ru/imenno-bobbi-kotik-tot-samyj-tupica-vinovnyj-v-razryve-partnerstva-netease-i-activision-blizzard-lnMJoJ\">Именно Бобби Котик тот самый &quot;тупица&quot;, виновный в разрыве партнерства NetEase и Activision Blizzard</a></p>\r\n\r\n<p>По слухам, последний захотел изменить условия партнерства, введя требование о выплате NetEase авансовых платежей в течение следующих двух лет после подписания соглашения.</p>\r\n\r\n<p><img src=\"https://www.goha.ru/s/F360:DH/M6/YZJUADQjgS.jpg\" /></p>\r\n\r\n<p><img src=\"https://www.goha.ru/s/F360:Bh/OI/tXH6j1NR0N.jpg\" /></p>\r\n\r\n<p><img src=\"https://www.goha.ru/s/F360:CL/lP/00z2U6cc7Z.jpg\" /></p>\r\n\r\n<p><img src=\"https://www.goha.ru/s/F360:BQ/4W/uxptaAKVj6.jpg\" /></p>\r\n\r\n<p><img src=\"https://www.goha.ru/s/F360:D3/Au/aA7ExAVmGv.jpg\" /></p>\r\n\r\n<p><img src=\"https://www.goha.ru/s/F360:Cd/2P/Zd7cRh6D1l.jpg\" /></p>", "category": 2, "is_published": true, "is_sent": false, "time_create": "2022-12-16T21:47:30.385Z", "author_news": 1, "pageviews": 21}}, {"model": "billboard.userprofile", "pk": 1, "fields": {"nickname": "Godgame", "photoprofile": "photoprofile/photo_admin_1674758451709375624.jpeg", "aboutme": "Я тут босс!", "timezone": "UTC", "is_replies_alerts": true, "appr_replies_alerts": true, "is_news_subscribe": false}}, {"model": "billboard.userprofile", "pk": 2, "fields": {"nickname": "TomKiller", "photoprofile": "photoprofile/photo_default.jpg", "aboutme": "", "timezone": "UTC", "is_replies_alerts": true, "appr_replies_alerts": true, "is_news_subscribe": false}}, {"model": "billboard.userprofile", "pk": 21, "fields": {"nickname": "RoboTT", "photoprofile": "photoprofile/photo_default.jpg", "aboutme": "", "timezone": "UTC", "is_replies_alerts": true, "appr_replies_alerts": true, "is_news_subscribe": true}}, {"model": "billboard.userprofile", "pk": 37, "fields": {"nickname": "tsuvorov", "photoprofile": "photoprofile/photo_default.jpg", "aboutme": "", "timezone": "UTC", "is_replies_alerts": true, "appr_replies_alerts": true, "is_news_subscribe": true}}, {"model": "sites.site", "pk": 1, "fields": {"domain": "127.0.0.1", "name": "example.com"}}, {"model": "account.emailaddress", "pk": 19, "fields": {"user": 21, "email": "timur.suvorov.a@yandex.ru", "verified": true, "primary": true}}, {"model": "account.emailaddress", "pk": 27, "fields": {"user": 1, "email": "tsuvorov@gmail.com", "verified": false, "primary": false}}, {"model": "account.emailaddress", "pk": 36, "fields": {"user": 37, "email": "suvorovt@gmail.com", "verified": true, "primary": true}}, {"model": "account.emailconfirmation", "pk": 11, "fields": {"email_address": 36, "created": "2023-01-25T15:00:34.092Z", "sent": "2023-01-25T15:00:34.414Z", "key": "752918"}}, {"model": "socialaccount.socialapp", "pk": 1, "fields": {"provider": "yandex", "name": "YandexAPP", "client_id": "c72355adfa7e4fbf96a0e16d7e5b131b", "secret": "8b4ff9518d5d4cddbe7ae8d101e4d055", "key": "", "sites": [1]}}, {"model": "socialaccount.socialapp", "pk": 3, "fields": {"provider": "vk", "name": "VKAPP", "client_id": "51527613", "secret": "cfaUiE2leb3ERvzkrvNt", "key": "28a0fe2d28a0fe2d28a0fe2d842bb2c190228a028a0fe2d4b656e2101132cac043971c8", "sites": [1]}}, {"model": "socialaccount.socialaccount", "pk": 3, "fields": {"user": 21, "provider": "yandex", "uid": "1699060001", "last_login": "2023-01-26T19:53:42.517Z", "date_joined": "2023-01-16T18:03:21.860Z", "extra_data": "{\"id\": \"1699060001\", \"login\": \"timur.suvorov.a\", \"client_id\": \"c72355adfa7e4fbf96a0e16d7e5b131b\", \"display_name\": \"timur.suvorov.a\", \"real_name\": \"\\u0422\\u0438\\u043c\\u0443\\u0440 \\u0421\\u0443\\u0432\\u043e\\u0440\\u043e\\u0432\", \"first_name\": \"\\u0422\\u0438\\u043c\\u0443\\u0440\", \"last_name\": \"\\u0421\\u0443\\u0432\\u043e\\u0440\\u043e\\u0432\", \"sex\": \"male\", \"default_email\": \"timur.suvorov.a@yandex.ru\", \"emails\": [\"timur.suvorov.a@yandex.ru\"], \"psuid\": \"1.AAj_qA.U6VzActmk-Y7HSuesrYNYg.GuwxH3HmccdICn1WX2utvg\"}"}}, {"model": "socialaccount.socialaccount", "pk": 16, "fields": {"user": 37, "provider": "vk", "uid": "1796768", "last_login": "2023-01-25T15:01:10.834Z", "date_joined": "2023-01-25T15:00:34.014Z", "extra_data": "{\"id\": 1796768, \"nickname\": \"\", \"bdate\": \"6.1.1988\", \"city\": {\"id\": 859, \"title\": \"\\u041a\\u043e\\u0440\\u043e\\u043b\\u0451\\u0432\"}, \"country\": {\"id\": 1, \"title\": \"\\u0420\\u043e\\u0441\\u0441\\u0438\\u044f\"}, \"timezone\": 3.0, \"photo_max_orig\": \"https://sun9-9.userapi.com/s/v1/ig2/4pJWIaOcm5cwrYogpEnTVO_Apt7nrTb7sLdOyIIJAfGMUfsbnwcspctxNasGhW7aH4EpIGqIN8odMzNMCmV2X-iZ.jpg?size=400x400&quality=96&crop=280,0,720,720&ava=1\", \"has_mobile\": 1, \"photo_medium\": \"https://sun9-9.userapi.com/s/v1/ig2/UOKqeJ_HddGwKKglYoE1w3IC6abLnlTRDmFJJIJelaXGa9cd0Uq76KRhFRO9pXY0HApwwe7oLc6Aye_atDa_2KfD.jpg?size=100x100&quality=96&crop=352,72,576,576&ava=1\", \"photo\": \"https://sun9-9.userapi.com/s/v1/ig2/1rl6xntP1Lq0482Xwby61KCZjYGKNpUUVhGGvI2HnZoGt3eNYdcfqpTHZS9IYptJv3RAa4vwQEje8E-HwkiyaDYG.jpg?size=50x50&quality=96&crop=352,72,576,576&ava=1\", \"photo_big\": \"https://sun9-9.userapi.com/s/v1/ig2/aljFm5mQeq9Q3Ue97Vv8wxjvFo4IoDgit-JGejtU4Whlzgn_c2mvzoCXVIFOTNYYdwzFCO1UjhbiA9E2Kg-0idXG.jpg?size=200x200&quality=96&crop=280,0,720,720&ava=1\", \"home_phone\": \"\", \"activity\": \"\", \"last_seen\": {\"platform\": 7, \"time\": 1674147180}, \"university\": 293, \"university_name\": \"\\u041c\\u0422\\u0423\\u0421\\u0418\", \"faculty\": 2065, \"faculty_name\": \"\\u0424\\u0430\\u043a\\u0443\\u043b\\u044c\\u0442\\u0435\\u0442 \\u00ab\\u0420\\u0430\\u0434\\u0438\\u043e \\u0438 \\u0442\\u0435\\u043b\\u0435\\u0432\\u0438\\u0434\\u0435\\u043d\\u0438\\u0435\\u00bb\", \"graduation\": 2010, \"education_form\": \"\\u041e\\u0447\\u043d\\u043e\\u0435 \\u043e\\u0442\\u0434\\u0435\\u043b\\u0435\\u043d\\u0438\\u0435\", \"education_status\": \"\\u0412\\u044b\\u043f\\u0443\\u0441\\u043a\\u043d\\u0438\\u043a (\\u0441\\u043f\\u0435\\u0446\\u0438\\u0430\\u043b\\u0438\\u0441\\u0442)\", \"relation\": 4, \"relation_partner\": {\"id\": 1688316, \"first_name\": \"\\u041c\\u0430\\u0440\\u0438\\u044f\", \"last_name\": \"\\u0421\\u0443\\u0432\\u043e\\u0440\\u043e\\u0432\\u0430\"}, \"universities\": [{\"chair\": 3036, \"chair_name\": \"\\u0421\\u0438\\u0441\\u0442\\u0435\\u043c \\u0440\\u0430\\u0434\\u0438\\u043e\\u0441\\u0432\\u044f\\u0437\\u0438\", \"city\": 1, \"country\": 1, \"education_form\": \"\\u041e\\u0447\\u043d\\u043e\\u0435 \\u043e\\u0442\\u0434\\u0435\\u043b\\u0435\\u043d\\u0438\\u0435\", \"education_form_id\": 1, \"education_status\": \"\\u0412\\u044b\\u043f\\u0443\\u0441\\u043a\\u043d\\u0438\\u043a (\\u0441\\u043f\\u0435\\u0446\\u0438\\u0430\\u043b\\u0438\\u0441\\u0442)\", \"education_status_id\": 5, \"faculty\": 2065, \"faculty_name\": \"\\u0424\\u0430\\u043a\\u0443\\u043b\\u044c\\u0442\\u0435\\u0442 \\u00ab\\u0420\\u0430\\u0434\\u0438\\u043e \\u0438 \\u0442\\u0435\\u043b\\u0435\\u0432\\u0438\\u0434\\u0435\\u043d\\u0438\\u0435\\u00bb\", \"graduation\": 2010, \"id\": 293, \"name\": \"\\u041c\\u0422\\u0423\\u0421\\u0418\"}], \"counters\": {\"albums\": 12, \"audios\": 204, \"followers\": 124, \"friends\": 124, \"gifts\": 4, \"groups\": 27, \"online_friends\": 1, \"pages\": 12, \"photos\": 428, \"subscriptions\": 0, \"videos\": 53, \"new_photo_tags\": 0, \"new_recognition_tags\": 0, \"clips_followers\": 248}, \"sex\": 2, \"screen_name\": \"tsuvorov\", \"online\": 0, \"first_name\": \"\\u0422\\u0438\\u043c\\u0443\\u0440\", \"last_name\": \"\\u0421\\u0443\\u0432\\u043e\\u0440\\u043e\\u0432\", \"can_access_closed\": true, \"is_closed\": false, \"email\": \"suvorovt@gmail.com\"}"}}]